-103.94,-108.11,-107.51,-110.70,-111.22,-111.64,-111.96,-113.60,-115.04,-116.75,-115.98,-115.98,-115.39,-114.90,-118.61,-117.91,-119.17,-117.38,-119.66,-116.23,-118.19,-120.64,-120.04,-117.70,-118.47,-117.21,-119.73,-121.83,-123.19,-123.54,-125.08,-123.82,-124.17,-129.74,-125.92,-128.44,-125.57,-121.90,-125.99,-127.57,-123.33,-128.93,-128.51,-131.03,-129.25,-127.22,-128.41,-132.57,-129.70,-129.49,-132.26,-131.10,-134.88,-130.93,-132.01,-133.03,-133.34,-135.83,-134.04,-138.56,-131.87,-135.13,-135.09,-135.48,-137.02,-135.51,-134.85,-138.49,-137.93,-140.03,-136.11,-135.27,-136.42,-139.29,-142.51,-142.93,-139.43,-143.07,-143.49,-141.67,-145.35,-142.37,-142.34,-141.67,-140.62,-141.18,-140.69,-144.30,-139.40,-139.36,-143.95,-141.15,-139.96,-137.58,-142.69,-143.77,-144.93,-143.32,-142.27,-141.53,-145.66,-145.07,-142.51,-140.48,-143.53,-144.19,-144.93,-142.90,-144.86,-149.23,-146.19,-146.33,-147.06,-144.54,-144.05,-146.22,-149.76,-147.80,-146.57,-146.96,-145.59,-148.36,-145.87,-146.22,-146.08,-148.39,-145.14,-150.11,-147.66,-146.05,-146.54,-141.29,-138.17,-134.36,-136.70,-133.66,-133.45,-136.21,-132.78,-137.05,-135.72,-132.19,-135.37,-135.27,-132.64,-128.41,-129.07,-123.05,-118.01,-123.47,-117.31,-114.90,-116.75,-117.80,-117.31,-117.00,-117.98,-119.59,-117.31,-117.21
-101.14,-105.76,-103.73,-107.48,-109.26,-110.17,-114.02,-112.45,-111.64,-119.94,-111.40,-118.92,-115.60,-117.52,-118.57,-119.90,-119.90,-118.47,-122.21,-122.00,-120.39,-124.59,-125.71,-122.46,-124.73,-119.13,-124.00,-122.04,-124.87,-125.05,-124.00,-125.68,-126.90,-130.61,-126.73,-130.37,-126.90,-127.95,-125.57,-129.63,-131.14,-132.33,-125.50,-130.40,-134.60,-130.44,-129.84,-133.73,-131.59,-132.99,-132.12,-133.90,-134.01,-133.94,-133.41,-131.24,-133.97,-137.05,-132.68,-135.79,-137.16,-137.37,-135.34,-140.27,-137.89,-136.98,-136.07,-141.74,-136.00,-135.37,-140.34,-139.12,-140.10,-140.80,-141.99,-140.55,-140.52,-140.10,-141.01,-142.23,-141.60,-142.62,-143.63,-143.53,-139.64,-140.80,-141.95,-146.08,-142.16,-140.27,-141.81,-143.11,-142.83,-141.88,-142.06,-147.10,-144.30,-143.98,-143.04,-145.24,-144.16,-141.46,-144.58,-146.15,-148.32,-143.88,-148.57,-147.97,-146.92,-148.18,-144.58,-147.34,-145.10,-146.96,-144.82,-150.91,-150.81,-150.98,-148.22,-149.65,-145.84,-151.54,-146.43,-149.62,-154.55,-150.14,-151.89,-153.15,-148.36,-148.25,-148.95,-145.14,-142.20,-137.12,-136.95,-138.87,-135.58,-138.00,-135.90,-138.98,-138.35,-136.14,-133.38,-136.11,-129.98,-128.86,-128.41,-123.79,-124.80,-120.92,-118.92,-118.29,-122.74,-118.85,-118.64,-117.28,-120.01,-118.64,-115.56,-118.64
-97.78,-99.74,-104.92,-101.53,-105.06,-107.16,-106.71,-112.31,-111.08,-111.96,-111.78,-114.93,-112.41,-114.79,-115.56,-118.50,-114.79,-118.54,-118.64,-117.14,-118.15,-119.94,-123.37,-123.05,-122.00,-121.34,-119.66,-120.25,-124.35,-125.22,-124.10,-122.63,-124.63,-126.73,-127.81,-125.61,-127.50,-124.91,-127.15,-129.28,-128.48,-128.72,-126.66,-130.30,-134.04,-128.69,-127.99,-133.06,-131.63,-132.92,-133.90,-132.05,-133.80,-130.68,-132.12,-133.94,-133.87,-136.00,-136.42,-132.71,-138.14,-131.73,-136.18,-135.76,-137.89,-136.14,-135.86,-140.80,-139.64,-136.98,-138.42,-135.48,-140.10,-140.90,-142.90,-140.24,-141.71,-138.59,-141.43,-139.29,-143.53,-139.71,-143.32,-140.52,-139.50,-137.51,-138.31,-140.10,-137.19,-138.84,-138.00,-137.79,-134.88,-139.05,-142.09,-140.13,-142.41,-142.97,-141.15,-141.74,-146.19,-145.45,-141.81,-143.77,-145.70,-143.39,-148.39,-144.44,-147.24,-146.19,-144.89,-145.52,-147.66,-148.43,-150.32,-147.69,-150.00,-149.90,-147.03,-147.27,-146.71,-148.99,-145.73,-153.75,-149.34,-149.97,-150.63,-151.75,-149.93,-151.93,-151.37,-149.72,-147.66,-143.00,-138.87,-141.92,-134.50,-139.26,-133.83,-137.16,-138.77,-134.04,-135.83,-133.45,-133.87,-127.50,-124.91,-122.63,-121.79,-121.37,-120.04,-119.94,-120.92,-120.39,-118.26,-119.10,-116.58,-118.29,-118.22,-115.18
-99.99,-103.28,-103.38,-103.45,-107.37,-108.67,-107.90,-110.21,-111.01,-113.99,-110.84,-112.41,-114.62,-115.53,-118.75,-117.63,-120.39,-117.77,-119.94,-118.33,-119.03,-121.37,-123.54,-122.70,-119.06,-119.69,-117.45,-120.29,-124.73,-123.02,-122.11,-121.44,-122.56,-123.44,-124.45,-124.77,-127.43,-124.07,-125.92,-127.29,-125.26,-129.70,-127.50,-131.77,-129.84,-129.39,-126.62,-131.17,-127.88,-130.12,-129.14,-127.39,-128.83,-131.10,-131.98,-131.94,-130.68,-130.68,-134.64,-133.03,-131.84,-133.66,-132.57,-131.94,-131.10,-133.06,-130.79,-133.45,-133.24,-132.96,-131.87,-133.73,-134.57,-138.98,-138.63,-138.84,-134.32,-134.22,-135.44,-136.39,-134.78,-134.39,-135.76,-135.16,-129.63,-132.36,-133.03,-132.47,-131.24,-130.96,-130.79,-131.31,-131.10,-136.63,-133.97,-134.92,-136.77,-143.67,-140.94,-140.69,-144.02,-142.76,-140.52,-138.28,-142.30,-134.67,-140.03,-141.15,-143.53,-141.74,-139.57,-144.65,-143.84,-145.80,-142.90,-140.66,-145.42,-145.49,-141.81,-145.35,-146.26,-143.91,-145.45,-144.05,-147.94,-148.92,-146.82,-152.00,-148.99,-145.07,-149.93,-148.99,-144.96,-140.20,-138.80,-140.76,-136.53,-135.23,-136.74,-136.04,-130.51,-129.63,-134.74,-133.66,-126.13,-126.10,-121.83,-121.34,-117.59,-116.16,-118.78,-113.74,-117.31,-118.29,-117.45,-114.48,-115.53,-113.22,-113.57,-111.01
-100.83,-100.72,-105.41,-107.09,-107.09,-109.05,-111.50,-111.89,-110.17,-115.42,-111.96,-114.02,-113.53,-115.49,-121.55,-118.36,-116.23,-114.86,-116.30,-117.07,-117.77,-120.18,-123.23,-121.69,-119.94,-122.28,-120.46,-122.07,-122.00,-121.55,-120.46,-120.43,-123.54,-122.95,-122.81,-123.96,-124.24,-120.67,-121.41,-124.28,-124.28,-126.24,-123.93,-128.44,-128.79,-124.49,-123.93,-132.96,-128.55,-128.65,-128.37,-132.05,-130.37,-129.77,-128.27,-130.16,-129.53,-131.66,-133.10,-133.80,-129.11,-129.00,-132.68,-133.87,-128.48,-131.91,-133.66,-133.83,-130.79,-133.27,-131.07,-133.97,-134.78,-136.28,-130.37,-133.34,-129.49,-134.29,-128.41,-125.96,-127.29,-125.82,-125.99,-124.91,-122.63,-121.90,-121.97,-118.96,-121.62,-120.29,-122.74,-121.34,-122.60,-124.14,-124.31,-128.41,-134.04,-136.25,-137.44,-138.14,-140.10,-144.33,-139.92,-137.68,-143.28,-137.23,-143.21,-141.25,-140.24,-139.08,-139.26,-144.26,-143.42,-144.51,-138.80,-142.41,-142.30,-144.09,-144.79,-138.03,-142.02,-146.33,-146.89,-145.28,-147.17,-145.98,-143.04,-148.25,-145.24,-151.02,-148.22,-144.82,-145.80,-144.30,-142.69,-136.88,-136.88,-137.65,-132.54,-134.01,-129.77,-131.03,-132.68,-128.76,-126.20,-126.17,-121.09,-118.29,-119.45,-116.75,-115.88,-114.06,-113.32,-114.37,-113.92,-108.18,-113.11,-111.85,-107.58,-111.78
-106.71,-107.48,-104.19,-108.21,-109.86,-110.28,-112.31,-113.15,-110.45,-112.94,-115.32,-116.05,-115.00,-116.23,-118.64,-116.51,-118.61,-116.44,-119.76,-116.89,-120.53,-118.57,-121.76,-121.09,-115.60,-117.73,-117.21,-117.87,-117.56,-118.54,-118.08,-122.18,-122.56,-122.25,-121.93,-118.05,-116.02,-119.13,-118.01,-122.49,-121.83,-124.10,-124.42,-126.31,-127.64,-127.22,-126.48,-131.17,-126.83,-130.02,-131.14,-128.06,-130.54,-127.81,-131.35,-131.52,-129.81,-128.76,-132.33,-132.82,-127.92,-130.16,-127.53,-130.23,-130.19,-130.23,-129.46,-132.43,-128.55,-130.30,-126.94,-128.44,-126.27,-130.79,-127.71,-124.31,-124.94,-124.45,-121.58,-118.57,-117.45,-112.90,-112.41,-107.76,-105.27,-101.84,-103.98,-102.58,-105.48,-104.89,-102.40,-106.74,-103.35,-109.33,-109.61,-114.51,-122.35,-128.72,-133.10,-134.85,-141.01,-142.02,-143.77,-140.38,-140.94,-138.87,-142.93,-140.24,-142.30,-143.46,-139.36,-142.48,-145.98,-143.14,-140.48,-140.13,-145.59,-145.77,-143.46,-144.44,-140.73,-142.93,-141.15,-143.84,-145.98,-142.41,-146.89,-145.07,-143.21,-146.85,-147.06,-146.96,-146.54,-145.52,-147.27,-139.75,-139.92,-137.58,-135.30,-133.34,-133.66,-132.47,-128.34,-131.87,-125.19,-121.41,-120.81,-117.66,-118.99,-118.85,-111.82,-117.70,-113.64,-110.80,-113.25,-112.80,-112.76,-110.21,-110.03,-108.49
-105.34,-106.88,-110.28,-109.12,-109.58,-114.16,-113.78,-116.26,-116.82,-114.97,-113.15,-116.19,-115.25,-115.32,-120.57,-116.51,-116.68,-117.45,-123.23,-122.21,-123.68,-120.60,-123.16,-120.57,-123.40,-120.18,-117.63,-121.44,-124.77,-122.88,-121.09,-125.08,-127.53,-130.16,-124.49,-125.75,-123.75,-124.66,-126.06,-126.94,-123.65,-127.18,-125.92,-127.99,-128.86,-131.10,-126.59,-131.14,-126.62,-126.59,-126.17,-123.68,-124.66,-126.34,-129.53,-128.23,-129.56,-127.88,-131.94,-132.47,-128.37,-131.28,-127.99,-127.81,-129.39,-125.99,-122.35,-129.00,-125.36,-120.53,-122.56,-118.75,-117.49,-119.48,-111.61,-111.96,-108.81,-105.55,-104.85,-106.57,-103.52,-103.45,-103.77,-104.47,-99.85,-100.86,-103.59,-102.93,-104.01,-101.04,-100.02,-103.52,-99.04,-104.15,-101.00,-104.47,-101.39,-114.69,-124.84,-130.65,-139.92,-143.00,-139.96,-143.07,-140.06,-136.07,-141.25,-143.18,-139.64,-144.40,-141.92,-140.80,-145.80,-138.07,-141.50,-140.03,-143.00,-144.40,-144.09,-144.75,-138.31,-146.22,-145.03,-146.08,-145.52,-146.33,-147.41,-149.27,-146.68,-145.07,-153.08,-147.34,-147.66,-142.69,-149.44,-146.40,-140.45,-138.52,-132.61,-132.64,-130.23,-129.46,-130.65,-130.44,-127.18,-122.28,-118.89,-118.19,-118.78,-118.92,-120.50,-116.23,-115.84,-115.25,-115.42,-108.74,-110.52,-108.56,-110.59,-105.94
-105.59,-105.76,-106.36,-109.09,-109.93,-110.14,-115.32,-114.44,-115.39,-116.23,-111.85,-119.90,-115.49,-118.71,-121.76,-119.52,-120.25,-119.45,-121.69,-121.86,-125.08,-125.08,-127.25,-122.25,-121.90,-118.96,-122.84,-123.19,-125.50,-123.96,-122.39,-124.84,-124.98,-125.92,-128.41,-127.95,-124.52,-121.09,-122.07,-125.68,-122.35,-127.36,-126.55,-129.56,-124.17,-126.17,-127.88,-124.31,-123.93,-124.45,-124.73,-122.81,-126.27,-125.05,-128.69,-124.80,-127.57,-125.22,-127.50,-128.72,-125.19,-125.64,-120.39,-120.74,-123.30,-123.09,-114.97,-115.00,-111.85,-107.90,-108.07,-105.17,-102.75,-105.48,-108.00,-106.71,-101.21,-101.18,-102.68,-100.69,-104.71,-100.27,-103.14,-103.70,-99.67,-100.37,-103.52,-101.88,-100.62,-101.67,-105.80,-102.23,-100.41,-105.87,-103.21,-105.13,-106.60,-106.39,-114.62,-128.86,-137.96,-143.21,-141.08,-141.11,-145.70,-140.24,-141.92,-142.20,-142.27,-142.79,-139.54,-142.97,-145.28,-141.71,-142.09,-137.82,-143.28,-144.93,-145.91,-147.24,-145.00,-147.31,-146.33,-148.22,-148.36,-146.12,-147.17,-149.48,-147.06,-147.66,-151.37,-145.63,-145.70,-144.51,-148.04,-147.62,-140.52,-147.24,-139.78,-137.26,-135.62,-132.47,-130.58,-129.28,-130.61,-124.94,-123.12,-121.20,-121.86,-120.29,-122.70,-118.57,-116.23,-117.35,-116.75,-115.21,-111.64,-111.71,-108.95,-112.69
-104.96,-108.35,-108.74,-108.67,-111.43,-107.69,-113.78,-111.78,-115.95,-117.84,-112.90,-116.12,-116.12,-119.97,-120.43,-120.71,-119.83,-120.50,-124.21,-121.76,-124.31,-126.24,-124.45,-124.31,-119.69,-119.55,-122.32,-125.26,-124.42,-124.00,-120.81,-123.19,-121.62,-124.87,-125.19,-124.21,-124.70,-121.86,-119.90,-122.91,-123.12,-122.11,-120.78,-119.55,-118.57,-120.57,-115.42,-113.01,-112.45,-114.23,-111.92,-105.94,-112.38,-112.17,-112.13,-117.14,-115.84,-115.63,-114.58,-111.50,-111.26,-108.56,-107.55,-106.81,-107.34,-103.77,-103.91,-104.96,-99.01,-101.63,-102.30,-100.23,-102.47,-103.42,-104.57,-102.86,-106.43,-102.75,-103.70,-102.26,-105.97,-102.26,-103.70,-103.77,-97.82,-100.20,-98.31,-100.79,-103.10,-101.84,-103.07,-101.25,-103.31,-102.02,-104.15,-103.52,-104.15,-102.68,-109.05,-129.77,-139.15,-137.93,-143.91,-139.78,-142.65,-141.71,-143.67,-146.01,-147.94,-141.74,-142.83,-148.74,-145.56,-144.19,-146.57,-144.65,-148.50,-147.48,-143.07,-142.02,-150.25,-146.29,-146.05,-148.01,-151.40,-144.96,-148.15,-153.68,-148.43,-148.32,-152.94,-151.05,-151.86,-149.41,-149.34,-148.18,-148.60,-146.75,-145.35,-140.66,-142.23,-131.56,-132.12,-135.48,-130.54,-127.74,-126.90,-121.58,-119.27,-123.09,-119.90,-119.48,-118.15,-115.46,-116.54,-111.71,-114.20,-112.76,-110.73,-113.11
-102.96,-107.48,-106.53,-108.49,-109.86,-110.70,-113.60,-112.97,-114.13,-116.75,-120.92,-118.82,-113.64,-117.94,-119.87,-118.99,-122.42,-121.55,-124.24,-120.43,-122.74,-119.90,-121.93,-122.04,-121.48,-115.07,-119.17,-117.63,-122.35,-119.66,-116.44,-116.54,-118.64,-117.38,-115.39,-114.51,-112.41,-112.80,-109.44,-113.64,-111.40,-109.12,-106.60,-105.17,-101.70,-99.22,-98.80,-103.45,-97.96,-97.33,-98.06,-96.03,-101.95,-96.77,-101.56,-102.12,-102.86,-99.71,-102.72,-98.87,-100.02,-101.77,-99.43,-102.93,-106.11,-99.78,-96.98,-102.12,-98.17,-98.90,-99.04,-98.94,-99.39,-101.42,-103.03,-100.02,-101.32,-104.78,-102.82,-103.80,-101.56,-100.72,-99.01,-104.47,-97.61,-102.93,-105.76,-98.34,-100.86,-104.64,-102.65,-102.75,-102.26,-103.38,-107.13,-109.16,-107.30,-107.83,-113.92,-133.24,-140.27,-140.52,-145.59,-143.35,-145.77,-142.72,-145.84,-143.46,-147.87,-144.51,-142.93,-147.06,-144.89,-146.71,-146.12,-143.07,-149.30,-148.36,-148.92,-145.84,-146.22,-147.27,-148.78,-149.41,-148.08,-148.64,-153.05,-151.47,-149.72,-148.08,-150.32,-146.50,-147.87,-144.54,-153.71,-149.20,-149.62,-147.27,-150.63,-152.07,-144.93,-139.54,-139.82,-134.53,-134.64,-129.14,-130.79,-124.77,-125.64,-122.91,-123.79,-120.32,-118.47,-119.34,-117.31,-116.02,-117.21,-114.02,-112.94,-112.27
-102.86,-109.30,-109.75,-106.64,-111.12,-115.42,-112.59,-112.55,-115.35,-117.52,-116.02,-115.35,-116.44,-116.54,-117.52,-119.31,-118.92,-115.77,-120.78,-118.68,-119.52,-119.45,-122.88,-118.92,-115.35,-113.78,-110.14,-111.71,-110.84,-110.28,-105.87,-104.12,-103.63,-103.00,-100.97,-102.30,-100.37,-97.22,-96.73,-99.95,-98.27,-99.81,-97.82,-97.82,-96.80,-96.56,-94.95,-96.94,-95.26,-96.42,-99.46,-98.97,-96.98,-98.87,-99.29,-100.20,-100.58,-98.66,-99.74,-100.16,-100.37,-101.84,-101.56,-101.39,-103.66,-101.88,-100.23,-106.67,-102.23,-101.42,-101.88,-98.38,-102.65,-103.52,-103.59,-101.39,-101.74,-102.37,-98.90,-100.55,-102.02,-101.49,-102.23,-103.49,-101.00,-101.60,-105.59,-103.31,-107.16,-105.45,-107.97,-110.00,-103.87,-107.09,-109.30,-110.59,-112.97,-113.78,-123.51,-139.26,-143.35,-139.33,-145.45,-141.60,-142.37,-142.23,-142.58,-147.48,-149.27,-146.15,-143.88,-149.02,-150.88,-147.73,-146.47,-143.28,-149.34,-147.59,-146.99,-147.87,-149.86,-150.46,-150.35,-148.04,-150.21,-150.67,-150.42,-150.32,-149.90,-152.45,-152.21,-150.88,-151.09,-151.09,-150.88,-149.41,-151.58,-154.97,-150.56,-153.85,-149.13,-139.96,-142.13,-136.95,-133.38,-133.55,-129.77,-127.74,-124.07,-126.10,-123.58,-121.13,-122.42,-117.24,-116.40,-115.18,-117.24,-115.35,-113.15,-111.82
-100.86,-108.67,-108.42,-107.06,-108.46,-112.34,-112.41,-116.37,-115.95,-111.68,-115.49,-118.15,-116.96,-116.37,-119.20,-119.97,-118.57,-119.34,-117.00,-114.93,-116.58,-114.02,-110.98,-107.13,-100.27,-98.59,-97.12,-101.25,-99.29,-97.12,-95.68,-95.72,-98.27,-99.32,-100.09,-95.40,-96.59,-94.84,-96.14,-97.22,-97.85,-98.87,-97.92,-94.67,-95.72,-92.99,-91.66,-94.77,-96.38,-96.35,-95.47,-95.89,-102.79,-96.28,-99.95,-102.12,-101.95,-100.97,-101.63,-100.41,-99.60,-102.40,-100.02,-99.64,-99.46,-101.25,-98.31,-105.06,-97.29,-99.18,-98.55,-97.71,-98.80,-101.63,-101.95,-101.84,-102.93,-101.53,-102.68,-105.03,-105.17,-104.19,-105.24,-105.69,-103.38,-105.24,-109.65,-107.37,-111.68,-108.39,-110.49,-110.94,-111.29,-111.61,-115.56,-115.77,-119.38,-129.70,-135.79,-139.36,-142.76,-140.76,-143.91,-143.81,-145.31,-143.84,-148.01,-142.97,-147.13,-143.98,-147.66,-151.93,-148.92,-149.34,-144.26,-145.35,-146.99,-150.42,-151.12,-146.82,-147.73,-147.97,-150.56,-149.41,-151.12,-151.86,-149.34,-152.14,-147.59,-153.01,-149.93,-145.10,-146.40,-147.06,-147.80,-147.83,-148.88,-150.56,-153.64,-152.80,-148.74,-149.30,-142.27,-138.21,-137.51,-134.29,-130.58,-127.15,-129.70,-124.70,-124.91,-123.09,-117.35,-119.27,-119.87,-118.22,-117.87,-116.93,-118.43,-116.26
-101.95,-110.66,-106.25,-110.03,-109.72,-110.38,-111.26,-113.71,-114.20,-113.67,-117.21,-116.33,-112.94,-117.42,-117.28,-114.76,-118.36,-111.19,-108.00,-103.45,-101.00,-97.54,-98.06,-94.07,-97.26,-92.78,-95.96,-95.19,-96.77,-95.96,-92.22,-93.62,-96.49,-96.73,-95.47,-95.02,-96.84,-93.37,-95.23,-93.30,-97.75,-96.24,-96.49,-95.26,-93.83,-92.50,-92.04,-95.93,-93.65,-95.68,-95.23,-96.35,-99.22,-96.14,-100.83,-99.43,-100.44,-100.58,-104.47,-99.18,-98.48,-101.63,-98.87,-104.47,-101.46,-104.71,-100.90,-104.78,-101.00,-100.79,-100.30,-100.55,-100.06,-104.96,-102.12,-103.24,-103.21,-104.08,-103.70,-108.21,-108.42,-111.01,-113.71,-113.18,-111.82,-113.74,-117.87,-114.65,-121.44,-114.48,-120.01,-123.02,-122.88,-125.01,-132.15,-136.77,-136.46,-143.07,-143.81,-141.92,-143.21,-142.41,-143.95,-142.97,-143.49,-141.36,-144.54,-147.80,-146.19,-146.64,-149.09,-147.41,-147.03,-146.61,-148.57,-148.50,-147.76,-151.19,-148.99,-144.75,-149.16,-149.27,-150.25,-151.30,-151.16,-152.10,-153.68,-153.29,-150.77,-148.50,-153.92,-152.45,-149.72,-147.03,-151.09,-150.70,-153.92,-155.29,-151.86,-153.50,-152.66,-150.67,-152.66,-147.66,-141.04,-137.79,-136.07,-129.95,-126.69,-125.36,-127.11,-119.31,-125.61,-122.60,-122.56,-117.84,-119.62,-118.40,-119.34,-116.09
-106.32,-106.29,-109.93,-108.42,-107.93,-112.10,-111.29,-113.78,-111.33,-114.79,-113.53,-112.94,-113.88,-114.72,-113.08,-113.46,-103.56,-98.10,-98.94,-94.74,-93.27,-91.94,-96.49,-91.97,-87.14,-88.47,-94.07,-92.01,-93.83,-92.92,-90.01,-91.76,-93.16,-95.72,-92.57,-94.39,-97.89,-95.61,-94.14,-93.27,-92.95,-92.74,-93.62,-91.73,-91.34,-90.96,-87.18,-92.74,-94.67,-93.62,-93.23,-96.35,-97.05,-97.54,-100.02,-99.39,-98.66,-99.53,-103.35,-99.36,-96.63,-97.85,-98.69,-101.60,-102.05,-101.21,-103.59,-104.01,-101.95,-99.81,-101.67,-102.30,-100.55,-106.60,-105.66,-103.63,-105.97,-106.36,-112.87,-116.61,-121.09,-122.21,-128.37,-130.26,-130.68,-130.19,-131.94,-133.97,-137.40,-134.39,-138.63,-138.45,-137.75,-137.58,-142.02,-144.02,-144.30,-144.23,-142.72,-140.17,-144.86,-146.57,-143.56,-143.21,-143.14,-139.15,-146.82,-146.26,-146.99,-146.78,-144.47,-148.95,-145.91,-147.34,-145.80,-144.93,-149.62,-150.88,-150.98,-151.68,-149.83,-147.45,-148.85,-152.94,-149.72,-151.19,-152.07,-149.02,-153.78,-147.13,-155.18,-151.79,-148.85,-149.58,-152.42,-153.22,-153.29,-157.42,-156.06,-152.35,-155.60,-150.11,-151.75,-151.44,-148.46,-141.92,-138.42,-135.30,-132.92,-129.49,-126.20,-125.29,-127.81,-125.82,-125.08,-122.21,-121.48,-122.07,-121.90,-119.17
-104.89,-107.93,-110.77,-109.93,-110.42,-109.58,-109.68,-111.78,-112.03,-113.71,-109.79,-111.57,-111.40,-107.83,-103.87,-99.22,-97.54,-93.34,-91.94,-91.83,-90.15,-90.15,-89.31,-88.58,-90.68,-89.70,-89.42,-92.15,-90.89,-87.14,-88.47,-92.04,-95.51,-98.83,-97.82,-97.43,-101.14,-93.90,-92.74,-90.96,-94.56,-95.23,-93.55,-92.22,-94.04,-89.63,-87.11,-92.53,-90.61,-91.41,-93.62,-95.09,-97.33,-97.75,-98.24,-100.90,-99.95,-99.39,-98.73,-99.32,-95.96,-98.59,-98.76,-101.28,-100.65,-102.16,-102.93,-105.83,-102.65,-104.68,-102.12,-103.17,-104.82,-107.27,-109.02,-109.26,-114.48,-121.97,-130.30,-134.43,-141.01,-142.13,-139.40,-142.72,-142.90,-137.72,-139.01,-139.19,-140.83,-137.61,-137.96,-139.71,-138.63,-140.27,-139.82,-142.51,-142.20,-145.42,-140.59,-142.93,-146.36,-147.69,-144.68,-142.20,-146.33,-143.63,-144.54,-145.70,-147.20,-148.39,-149.06,-147.38,-148.74,-152.73,-149.93,-146.43,-147.38,-148.22,-147.73,-146.50,-147.13,-148.43,-152.42,-150.11,-151.30,-154.80,-148.08,-153.82,-151.72,-151.02,-150.98,-151.51,-148.92,-148.50,-150.53,-151.09,-149.76,-157.91,-153.71,-154.66,-155.39,-150.84,-155.11,-151.51,-153.05,-143.74,-140.87,-137.75,-133.10,-129.60,-132.08,-126.69,-126.62,-126.06,-123.61,-124.31,-126.06,-125.99,-117.87,-123.33
-102.68,-106.22,-109.33,-107.48,-109.68,-109.93,-109.65,-109.61,-111.29,-111.92,-103.31,-104.29,-98.76,-93.65,-94.28,-94.84,-91.94,-92.22,-88.33,-91.31,-90.71,-89.52,-89.77,-89.14,-88.47,-90.08,-89.91,-87.60,-91.76,-90.50,-91.59,-94.53,-94.00,-95.12,-95.82,-93.37,-96.42,-91.34,-93.58,-93.09,-94.49,-94.14,-92.50,-94.32,-92.78,-88.68,-88.23,-92.15,-88.89,-96.10,-97.57,-97.54,-95.86,-97.40,-98.48,-103.28,-97.71,-97.78,-99.08,-97.36,-95.16,-99.57,-95.68,-98.87,-104.47,-104.78,-103.45,-108.63,-107.65,-109.09,-105.17,-109.12,-113.64,-117.84,-122.14,-127.43,-135.90,-140.73,-143.11,-144.23,-144.54,-142.41,-143.95,-145.45,-142.83,-139.40,-141.22,-141.11,-143.77,-139.26,-138.49,-137.89,-138.94,-139.47,-140.48,-145.63,-140.94,-146.19,-138.80,-142.02,-145.03,-146.43,-147.13,-142.93,-142.55,-142.86,-145.42,-146.71,-142.55,-144.86,-147.06,-148.88,-146.82,-145.00,-149.97,-141.39,-146.54,-148.85,-147.83,-145.21,-147.20,-150.11,-151.09,-152.42,-155.43,-156.93,-151.82,-152.17,-149.20,-151.89,-150.46,-148.29,-148.71,-150.98,-150.77,-153.92,-154.10,-155.01,-154.97,-153.78,-153.40,-152.45,-155.18,-154.24,-151.79,-149.44,-148.01,-140.48,-140.31,-137.96,-134.01,-130.40,-133.03,-128.65,-130.33,-126.76,-123.93,-125.57,-121.13,-121.65
-101.56,-106.01,-104.61,-106.50,-107.83,-107.65,-108.32,-107.44,-105.94,-100.27,-96.66,-92.18,-93.58,-94.07,-93.02,-91.03,-92.36,-90.26,-88.96,-90.85,-93.44,-89.35,-90.36,-93.76,-91.41,-89.87,-87.46,-90.19,-90.05,-93.34,-91.97,-93.06,-96.31,-97.43,-93.86,-94.18,-97.57,-91.73,-91.34,-92.74,-95.30,-90.61,-93.62,-92.88,-90.85,-88.16,-88.93,-90.68,-89.21,-94.46,-94.32,-94.14,-95.40,-97.05,-97.43,-100.76,-95.75,-96.38,-100.09,-97.61,-94.25,-97.19,-99.18,-100.13,-105.80,-107.06,-110.56,-112.59,-116.05,-120.29,-121.93,-125.05,-127.25,-140.31,-142.16,-140.55,-138.84,-141.18,-139.99,-142.09,-143.70,-142.76,-143.32,-144.33,-139.57,-141.32,-141.43,-140.76,-141.39,-137.61,-138.28,-138.98,-134.71,-136.70,-141.46,-142.72,-141.74,-143.00,-141.50,-142.58,-144.16,-142.83,-144.86,-138.52,-142.72,-140.06,-143.21,-141.57,-147.45,-142.79,-145.77,-145.42,-149.37,-145.56,-145.35,-148.39,-148.53,-151.47,-147.83,-148.04,-148.08,-150.28,-152.66,-149.44,-154.24,-150.42,-153.05,-149.37,-150.81,-150.88,-153.33,-149.58,-147.94,-150.46,-154.80,-152.63,-155.57,-153.99,-154.31,-150.28,-152.45,-154.48,-155.39,-154.41,-154.73,-152.17,-154.73,-147.41,-143.70,-140.83,-137.82,-130.40,-134.60,-131.80,-129.42,-128.23,-128.09,-124.73,-126.03,-126.13
-100.09,-104.85,-103.73,-103.84,-102.02,-101.25,-98.34,-91.06,-95.79,-94.21,-89.77,-93.55,-91.31,-94.63,-93.55,-89.91,-89.14,-89.17,-93.27,-88.37,-87.95,-89.66,-89.84,-92.36,-88.72,-88.37,-85.53,-91.41,-89.03,-89.56,-86.86,-88.09,-93.09,-95.19,-91.90,-94.88,-98.20,-91.97,-92.15,-92.43,-94.98,-92.15,-93.48,-92.18,-90.19,-89.24,-89.07,-89.45,-92.25,-94.60,-95.44,-94.98,-98.76,-101.14,-99.71,-99.46,-98.83,-99.74,-99.18,-96.31,-97.82,-98.24,-99.29,-102.47,-113.22,-115.32,-122.00,-128.23,-130.61,-136.11,-135.62,-133.80,-137.23,-140.62,-138.52,-141.39,-140.31,-141.18,-139.75,-139.50,-139.57,-137.82,-142.23,-137.72,-134.85,-137.61,-137.75,-137.68,-138.73,-135.23,-134.67,-135.72,-135.30,-129.63,-136.60,-141.64,-139.61,-138.35,-137.23,-138.38,-134.32,-135.48,-137.89,-141.36,-135.55,-132.29,-139.19,-135.97,-141.60,-142.69,-139.85,-141.60,-146.36,-143.42,-148.50,-145.42,-150.35,-149.13,-147.41,-150.25,-145.24,-150.39,-149.83,-152.24,-151.30,-152.35,-151.33,-154.83,-150.25,-153.43,-151.19,-150.67,-152.21,-151.47,-155.67,-153.01,-153.12,-154.83,-154.94,-154.48,-151.72,-153.54,-152.80,-149.65,-150.25,-151.54,-152.52,-148.92,-147.59,-143.98,-140.41,-136.25,-133.41,-133.48,-132.92,-129.95,-130.96,-128.65,-131.31,-124.38
-95.82,-93.62,-91.27,-91.24,-90.92,-89.14,-92.08,-89.17,-91.20,-91.13,-89.84,-92.29,-89.03,-92.08,-87.74,-89.42,-89.66,-89.00,-90.15,-86.97,-91.80,-89.24,-91.20,-91.41,-89.80,-86.44,-87.67,-89.17,-92.29,-88.96,-88.12,-89.42,-88.09,-92.32,-89.84,-93.69,-98.03,-90.92,-91.10,-89.87,-93.37,-91.48,-92.15,-92.88,-89.42,-88.51,-90.01,-90.96,-89.98,-94.21,-96.80,-94.32,-98.31,-96.10,-100.16,-100.65,-97.12,-98.41,-99.81,-96.87,-100.76,-98.10,-101.14,-113.39,-127.04,-128.09,-136.11,-136.53,-134.78,-135.90,-132.08,-133.87,-133.03,-137.68,-134.11,-137.33,-135.06,-135.93,-132.01,-134.08,-133.59,-131.10,-130.89,-131.07,-128.27,-129.60,-130.51,-130.51,-129.53,-128.90,-127.36,-125.57,-126.66,-128.69,-126.62,-133.94,-133.45,-130.05,-130.58,-130.79,-128.62,-128.55,-129.60,-125.47,-129.53,-126.34,-130.19,-129.32,-130.65,-131.10,-130.79,-137.58,-138.14,-140.03,-144.65,-145.28,-152.17,-151.89,-150.63,-149.93,-150.25,-151.37,-149.44,-149.20,-151.51,-149.41,-151.44,-152.28,-148.88,-150.46,-152.24,-153.33,-153.08,-152.52,-155.39,-157.28,-159.70,-156.34,-156.55,-154.83,-158.37,-152.14,-156.27,-149.69,-156.93,-153.68,-153.26,-153.82,-153.89,-147.27,-145.31,-137.19,-137.75,-135.62,-131.77,-131.00,-132.47,-130.51,-132.50,-128.02
-79.41,-83.36,-82.70,-85.46,-84.27,-84.80,-87.67,-87.67,-86.16,-88.89,-87.00,-91.48,-85.15,-89.38,-89.77,-89.63,-88.02,-89.94,-91.41,-86.93,-91.83,-89.52,-92.04,-87.91,-87.14,-84.94,-88.86,-87.21,-89.63,-88.65,-86.48,-89.77,-89.80,-94.18,-91.13,-88.96,-94.11,-88.44,-92.46,-93.16,-90.92,-91.41,-89.21,-92.36,-93.23,-91.97,-91.03,-90.01,-93.23,-93.58,-92.39,-93.02,-96.98,-97.19,-97.43,-98.66,-98.31,-99.60,-100.65,-98.62,-99.18,-99.25,-100.27,-109.37,-119.06,-124.35,-124.56,-128.83,-131.49,-127.36,-126.59,-128.13,-126.97,-128.51,-125.92,-127.50,-127.11,-122.25,-125.05,-120.43,-119.62,-119.24,-113.39,-119.52,-113.08,-114.34,-115.49,-112.94,-113.50,-112.10,-110.70,-111.85,-109.05,-111.43,-111.50,-113.81,-110.94,-113.22,-112.03,-112.48,-109.68,-110.49,-112.31,-106.88,-107.44,-108.56,-114.69,-111.15,-114.58,-112.52,-111.12,-119.80,-129.95,-134.85,-141.01,-143.63,-154.03,-150.74,-151.72,-151.26,-148.04,-153.05,-152.10,-152.73,-151.37,-151.82,-151.16,-156.76,-152.73,-152.31,-154.97,-154.48,-148.88,-152.24,-151.82,-155.04,-155.50,-157.53,-155.08,-156.97,-153.57,-152.70,-156.90,-157.84,-155.36,-155.11,-153.33,-155.11,-152.07,-151.89,-149.72,-142.09,-138.98,-138.35,-135.48,-134.64,-129.77,-132.71,-131.10,-128.97
-81.16,-80.56,-81.16,-84.59,-85.36,-85.99,-86.37,-82.91,-89.00,-87.00,-85.85,-86.79,-88.30,-89.80,-92.60,-89.03,-86.55,-88.23,-90.33,-89.35,-92.92,-87.84,-88.65,-88.16,-86.86,-87.74,-86.09,-85.67,-89.73,-85.71,-84.80,-88.86,-90.68,-91.27,-90.50,-89.21,-92.22,-88.89,-90.99,-89.21,-90.71,-94.63,-91.90,-90.43,-92.46,-90.43,-90.36,-91.69,-92.36,-97.29,-95.44,-94.18,-95.05,-95.44,-97.92,-99.50,-97.33,-98.66,-99.99,-99.36,-99.99,-100.62,-97.54,-99.15,-106.01,-108.11,-110.35,-112.20,-109.86,-109.93,-111.54,-112.10,-108.18,-111.82,-111.50,-109.58,-105.10,-106.74,-104.78,-104.75,-103.38,-104.78,-102.82,-106.64,-101.32,-104.50,-103.91,-105.80,-105.55,-102.75,-108.95,-105.69,-103.91,-106.25,-104.22,-108.21,-103.91,-105.10,-104.78,-101.46,-107.27,-108.42,-109.61,-104.85,-109.33,-107.09,-111.29,-108.53,-110.63,-114.13,-107.58,-110.77,-115.32,-128.41,-137.93,-143.21,-149.55,-149.02,-149.76,-148.32,-150.00,-154.24,-149.62,-152.66,-153.82,-152.52,-148.11,-153.15,-153.64,-152.98,-156.48,-154.90,-154.06,-152.35,-152.98,-155.50,-155.08,-159.66,-156.93,-158.72,-154.69,-154.20,-153.75,-155.67,-157.67,-155.22,-157.07,-152.59,-152.56,-152.59,-151.02,-149.09,-145.91,-140.76,-137.82,-130.47,-134.78,-127.22,-126.10,-127.01
-78.74,-83.26,-79.44,-81.65,-84.24,-82.03,-87.32,-82.45,-87.18,-87.60,-84.17,-84.20,-88.19,-88.54,-91.83,-90.43,-87.56,-88.86,-89.63,-89.10,-89.00,-90.50,-89.49,-89.17,-88.65,-86.97,-86.23,-86.69,-86.41,-88.72,-85.08,-84.94,-85.01,-89.42,-89.84,-86.48,-89.35,-85.60,-86.93,-89.21,-88.33,-90.47,-88.16,-90.26,-91.69,-92.39,-91.80,-96.21,-93.93,-91.17,-93.79,-95.44,-99.88,-94.07,-92.60,-96.77,-100.27,-102.58,-101.91,-99.92,-97.33,-100.02,-98.76,-100.90,-99.36,-100.41,-101.81,-102.82,-101.04,-99.43,-102.79,-104.12,-101.49,-108.63,-103.21,-107.09,-104.05,-105.59,-101.35,-103.31,-103.94,-102.47,-101.49,-105.41,-101.95,-105.59,-107.69,-106.67,-105.90,-108.98,-109.72,-105.20,-103.35,-106.08,-108.21,-107.02,-104.50,-105.80,-107.65,-106.46,-108.07,-110.87,-109.89,-109.93,-109.12,-105.34,-108.98,-111.29,-109.96,-110.21,-104.92,-105.27,-104.78,-113.71,-135.02,-142.62,-149.93,-151.19,-152.38,-145.84,-149.93,-151.37,-153.78,-152.98,-154.41,-150.53,-154.83,-155.43,-151.26,-154.62,-153.78,-154.87,-152.03,-155.32,-149.86,-158.61,-155.64,-157.98,-156.37,-156.23,-158.02,-153.57,-153.05,-156.48,-157.32,-153.19,-152.17,-150.49,-150.49,-153.64,-149.51,-151.05,-150.00,-144.72,-140.27,-133.94,-133.94,-128.69,-129.04,-126.03
-78.18,-81.93,-78.36,-82.52,-80.46,-76.15,-82.45,-83.33,-83.54,-83.92,-81.79,-84.52,-87.46,-88.75,-90.40,-87.00,-89.70,-91.24,-90.64,-90.78,-90.50,-90.43,-92.15,-90.29,-87.70,-85.99,-86.27,-87.04,-91.59,-88.89,-85.39,-85.71,-86.65,-90.43,-86.86,-88.79,-90.96,-90.05,-89.77,-86.65,-91.17,-87.88,-89.70,-90.92,-91.31,-94.81,-94.00,-91.83,-96.10,-95.33,-95.33,-95.23,-98.27,-98.80,-97.64,-100.13,-100.93,-99.71,-102.86,-101.84,-98.13,-96.98,-98.90,-99.81,-98.59,-100.93,-99.74,-103.03,-102.02,-100.23,-103.31,-101.14,-106.92,-106.78,-106.39,-108.95,-104.08,-106.39,-104.43,-106.15,-104.78,-105.10,-103.87,-106.92,-101.00,-105.45,-107.93,-107.44,-106.53,-104.01,-108.63,-105.59,-106.04,-106.60,-106.50,-108.84,-107.02,-108.74,-108.21,-105.10,-109.58,-110.91,-111.15,-103.03,-109.96,-107.20,-111.08,-110.52,-110.45,-108.77,-105.97,-107.16,-107.34,-111.08,-132.57,-143.42,-149.97,-149.55,-150.49,-149.44,-149.97,-153.78,-151.09,-155.78,-155.53,-153.71,-154.20,-156.69,-156.48,-152.21,-158.47,-153.40,-154.62,-154.48,-153.22,-158.65,-154.03,-158.65,-155.32,-156.41,-152.38,-154.80,-155.11,-154.83,-157.53,-155.32,-154.83,-150.88,-153.33,-152.98,-152.45,-153.78,-151.05,-150.88,-141.85,-136.95,-134.50,-130.96,-129.25,-126.69
-75.91,-80.49,-80.60,-79.90,-79.37,-81.33,-80.32,-81.44,-88.09,-84.48,-84.45,-84.97,-84.20,-88.89,-88.79,-88.26,-90.78,-89.98,-90.54,-87.81,-89.91,-91.87,-89.28,-89.07,-91.69,-89.87,-89.31,-86.02,-90.40,-87.18,-86.27,-84.62,-86.69,-87.28,-85.15,-88.12,-91.73,-85.85,-90.12,-89.14,-89.77,-89.49,-89.14,-91.52,-91.62,-92.99,-92.22,-94.11,-92.29,-96.28,-94.49,-95.54,-98.90,-96.21,-97.47,-101.74,-101.98,-101.84,-101.49,-102.05,-98.73,-101.60,-97.15,-99.46,-101.70,-102.16,-98.45,-102.96,-101.28,-99.53,-100.41,-100.65,-99.74,-107.23,-106.67,-103.91,-103.66,-104.47,-104.50,-108.88,-106.25,-103.80,-105.69,-107.23,-106.67,-105.52,-106.11,-106.22,-105.55,-105.48,-107.02,-108.46,-103.14,-105.69,-106.85,-106.50,-107.37,-105.48,-108.95,-108.21,-111.12,-110.31,-112.94,-107.79,-108.95,-106.60,-113.78,-110.35,-111.71,-107.20,-105.13,-105.10,-109.09,-112.34,-126.27,-141.74,-146.22,-149.23,-148.99,-149.72,-147.10,-152.38,-152.59,-152.14,-157.28,-153.33,-152.52,-153.57,-156.79,-158.12,-156.76,-157.35,-154.55,-154.76,-155.43,-156.48,-155.29,-153.36,-152.10,-155.15,-155.57,-156.86,-156.02,-157.18,-155.43,-153.47,-155.85,-154.59,-154.97,-152.94,-152.31,-152.91,-150.84,-153.12,-152.10,-138.42,-138.87,-136.91,-130.96,-127.88
-75.35,-77.66,-83.15,-80.14,-81.33,-79.30,-83.15,-83.15,-83.15,-86.48,-84.17,-86.83,-85.71,-84.80,-85.88,-85.60,-90.50,-88.75,-89.87,-88.44,-91.13,-92.57,-91.59,-91.97,-87.28,-86.48,-86.44,-88.02,-87.60,-88.61,-86.09,-83.82,-87.60,-87.32,-86.97,-89.38,-87.88,-90.19,-87.14,-91.73,-90.36,-90.89,-89.59,-90.82,-94.84,-90.33,-91.80,-95.40,-92.25,-96.49,-95.44,-98.52,-99.46,-96.94,-99.18,-101.74,-101.67,-102.33,-99.74,-99.32,-100.30,-98.90,-98.27,-104.82,-103.84,-100.34,-102.23,-104.19,-102.40,-102.86,-101.81,-99.22,-101.04,-106.11,-107.34,-104.64,-106.46,-103.07,-106.60,-104.01,-104.71,-101.28,-103.70,-103.52,-102.58,-101.88,-107.37,-107.16,-107.65,-106.15,-107.48,-107.02,-105.10,-107.72,-106.57,-109.02,-109.96,-103.52,-105.62,-107.62,-105.38,-105.76,-110.03,-106.08,-107.65,-110.17,-110.24,-112.66,-110.24,-109.44,-106.81,-107.27,-108.91,-116.44,-132.82,-146.19,-148.81,-150.28,-148.36,-154.66,-152.56,-153.54,-150.60,-156.16,-151.79,-155.64,-153.92,-157.77,-156.83,-160.50,-160.05,-158.12,-160.33,-154.94,-157.53,-157.32,-156.72,-156.30,-157.95,-157.00,-153.12,-156.02,-151.86,-156.90,-155.15,-157.14,-155.11,-155.50,-153.54,-153.29,-152.49,-151.47,-153.96,-155.32,-154.34,-150.63,-145.45,-140.24,-135.27,-131.00
-75.03,-75.63,-77.13,-77.73,-81.05,-80.00,-82.00,-84.38,-85.78,-89.07,-85.08,-86.34,-81.05,-81.16,-87.14,-86.27,-87.25,-87.00,-90.61,-88.75,-90.64,-91.59,-89.17,-89.84,-91.48,-84.31,-84.10,-87.21,-90.40,-84.41,-86.93,-88.44,-92.04,-90.68,-88.12,-91.17,-90.50,-87.00,-88.86,-87.42,-91.69,-91.38,-91.94,-92.60,-91.97,-93.58,-90.89,-94.53,-93.69,-92.81,-95.05,-93.72,-98.24,-97.08,-99.60,-102.54,-101.14,-99.29,-101.95,-99.78,-96.80,-97.47,-100.83,-100.09,-102.16,-104.33,-104.50,-106.60,-102.05,-99.08,-103.03,-101.21,-100.62,-108.00,-103.91,-104.12,-106.18,-103.49,-105.17,-106.81,-104.29,-104.64,-106.46,-106.95,-104.47,-104.01,-103.45,-105.80,-106.67,-104.26,-103.84,-106.78,-105.38,-105.45,-104.54,-107.48,-107.02,-107.76,-104.92,-102.93,-107.86,-109.02,-110.91,-108.39,-108.21,-108.49,-117.31,-116.40,-114.41,-116.68,-112.27,-112.83,-121.90,-129.00,-144.61,-149.86,-148.11,-152.59,-154.52,-152.66,-147.73,-152.35,-152.10,-152.14,-153.08,-156.37,-153.78,-160.22,-155.78,-156.97,-160.85,-158.65,-159.38,-152.63,-159.14,-156.72,-151.61,-154.83,-156.90,-153.64,-155.85,-154.45,-153.75,-156.69,-155.29,-153.08,-156.02,-151.44,-154.83,-157.00,-155.04,-152.42,-153.57,-155.04,-152.73,-153.08,-147.03,-143.70,-134.74,-134.25
-71.95,-77.76,-77.27,-79.37,-82.87,-81.75,-82.59,-84.10,-83.33,-86.79,-84.03,-83.29,-81.61,-85.53,-88.02,-87.07,-88.58,-90.01,-88.58,-88.65,-89.21,-88.96,-93.13,-87.77,-87.53,-81.96,-85.50,-86.02,-89.94,-85.22,-86.55,-87.07,-89.45,-90.75,-89.42,-86.34,-91.66,-90.08,-88.75,-87.91,-91.27,-92.36,-92.78,-91.31,-90.36,-90.29,-89.70,-90.71,-90.26,-93.30,-94.74,-95.89,-99.18,-97.47,-99.60,-102.16,-101.46,-100.23,-103.00,-103.63,-99.15,-100.93,-101.49,-99.99,-104.78,-103.17,-101.14,-104.85,-101.84,-100.34,-102.61,-102.16,-100.72,-106.71,-102.82,-106.53,-101.53,-100.90,-107.44,-107.27,-104.19,-104.29,-104.64,-108.56,-105.41,-103.00,-106.43,-105.83,-108.14,-104.33,-108.81,-108.46,-107.93,-106.64,-111.57,-114.13,-111.05,-111.61,-111.71,-110.45,-112.59,-114.44,-113.85,-111.47,-115.95,-115.63,-120.04,-122.56,-123.86,-121.44,-123.30,-126.59,-131.03,-141.32,-148.04,-144.82,-150.77,-152.49,-151.33,-150.21,-149.76,-153.68,-151.51,-152.21,-156.41,-155.64,-154.90,-155.88,-154.73,-156.65,-160.57,-158.89,-154.03,-154.76,-153.68,-153.01,-154.03,-157.00,-155.67,-155.71,-156.20,-153.01,-154.90,-159.00,-157.56,-156.44,-156.41,-156.97,-161.59,-155.39,-155.67,-157.28,-154.80,-156.79,-155.29,-153.26,-151.79,-150.42,-143.14,-138.59
-71.29,-71.60,-75.38,-76.89,-82.28,-78.88,-82.87,-82.17,-86.30,-85.53,-82.87,-83.12,-82.91,-85.95,-86.02,-88.26,-88.02,-87.04,-88.58,-88.33,-90.19,-86.20,-88.86,-88.54,-86.23,-81.54,-84.20,-85.92,-85.78,-85.95,-86.09,-86.76,-89.73,-93.30,-87.39,-88.16,-88.58,-83.50,-87.67,-86.51,-86.51,-88.58,-87.49,-89.91,-87.74,-89.77,-87.46,-90.68,-91.38,-93.62,-92.01,-93.13,-100.23,-96.28,-99.43,-97.01,-102.05,-100.51,-99.36,-101.46,-100.51,-99.99,-100.44,-103.35,-103.21,-103.17,-100.23,-103.24,-102.40,-98.69,-99.18,-101.49,-100.41,-104.99,-106.57,-105.38,-107.79,-106.36,-108.60,-106.60,-108.00,-106.85,-108.35,-111.43,-107.30,-108.35,-110.24,-108.63,-112.62,-113.71,-114.06,-115.25,-117.28,-116.44,-119.48,-118.12,-121.13,-120.57,-119.59,-120.64,-124.70,-124.03,-126.83,-126.24,-129.39,-73.53,-131.73,-132.82,-135.16,-134.78,-137.75,-142.65,-147.34,-147.45,-151.05,-145.56,-151.05,-149.20,-149.51,-151.58,-151.16,-152.31,-151.82,-154.73,-153.36,-156.06,-155.50,-157.21,-152.98,-157.18,-158.05,-154.20,-156.16,-155.81,-158.93,-154.13,-157.39,-159.14,-157.88,-159.98,-154.76,-156.86,-156.51,-156.41,-156.48,-156.30,-157.81,-151.79,-156.62,-155.85,-159.03,-155.36,-156.97,-158.47,-156.83,-153.36,-152.94,-149.44,-148.22,-140.34
-71.99,-75.77,-73.00,-79.23,-82.24,-80.91,-81.96,-80.21,-83.19,-83.57,-82.59,-83.89,-86.41,-85.92,-86.06,-87.14,-87.53,-87.95,-86.72,-88.58,-91.03,-87.00,-86.06,-87.63,-86.69,-85.57,-83.12,-87.46,-87.81,-87.56,-84.66,-88.26,-90.33,-88.96,-89.56,-89.49,-89.73,-87.67,-90.68,-91.03,-91.48,-88.44,-84.83,-88.58,-88.30,-86.93,-87.81,-90.33,-91.10,-91.17,-92.36,-92.60,-96.17,-99.32,-96.84,-100.20,-100.86,-101.63,-100.41,-99.78,-98.20,-102.61,-102.26,-101.63,-101.04,-104.26,-98.38,-103.28,-102.19,-100.06,-100.06,-103.52,-103.80,-108.74,-112.03,-108.18,-113.29,-114.16,-111.36,-113.04,-112.55,-114.41,-116.51,-118.50,-114.27,-116.96,-119.13,-121.83,-124.70,-127.01,-131.38,-130.40,-131.98,-133.80,-134.81,-136.25,-135.06,-137.47,-136.46,-138.80,-138.24,-141.85,-137.30,-138.56,-146.47,-137.61,-146.36,-142.72,-144.61,-145.91,-140.48,-149.34,-147.45,-143.28,-150.49,-145.38,-148.60,-151.33,-149.69,-151.09,-151.09,-151.93,-149.48,-155.15,-155.36,-156.20,-156.76,-155.71,-155.32,-154.66,-154.27,-155.50,-153.26,-155.46,-155.29,-151.68,-156.27,-157.91,-155.64,-157.25,-154.31,-154.48,-160.57,-156.30,-154.90,-158.19,-156.48,-157.98,-155.99,-152.35,-154.73,-154.20,-155.67,-155.71,-154.45,-149.55,-153.26,-152.49,-149.83,-146.01
-74.30,-73.49,-73.28,-77.17,-78.36,-78.57,-82.42,-82.21,-84.87,-86.23,-81.79,-82.63,-84.17,-85.18,-84.97,-89.03,-88.12,-86.76,-87.81,-85.74,-88.02,-88.51,-90.19,-88.05,-86.23,-86.55,-85.78,-86.72,-89.94,-86.02,-86.90,-87.14,-90.68,-92.57,-89.28,-87.46,-87.25,-86.83,-87.56,-88.12,-87.88,-89.17,-89.45,-86.23,-88.51,-88.19,-88.33,-93.44,-89.42,-89.94,-91.38,-91.38,-93.58,-96.00,-95.79,-97.50,-97.19,-99.11,-103.87,-103.31,-98.31,-103.84,-103.35,-98.87,-103.87,-98.73,-102.16,-104.19,-102.51,-100.20,-100.58,-105.45,-112.69,-121.79,-118.78,-121.06,-120.39,-121.37,-123.68,-125.19,-121.69,-128.27,-127.99,-134.67,-129.63,-134.95,-137.75,-137.40,-138.98,-138.77,-138.21,-141.32,-139.33,-140.34,-139.89,-145.00,-141.36,-141.99,-140.59,-142.34,-142.76,-142.62,-143.35,-137.86,-139.33,-138.24,-139.29,-140.03,-138.31,-138.87,-135.51,-139.75,-140.69,-137.40,-143.98,-140.97,-142.44,-144.30,-147.13,-148.60,-148.53,-153.71,-151.44,-155.22,-155.11,-157.53,-158.65,-158.30,-158.30,-155.36,-159.31,-152.94,-155.18,-153.64,-152.80,-155.29,-154.48,-153.96,-157.42,-156.69,-155.43,-156.83,-159.66,-157.74,-161.31,-155.18,-158.02,-155.74,-159.31,-153.64,-157.00,-156.37,-157.77,-156.02,-155.53,-155.15,-153.75,-152.94,-154.34,-146.22
-74.93,-74.19,-74.12,-75.73,-77.41,-81.40,-81.54,-80.67,-81.79,-84.41,-84.10,-83.29,-84.94,-88.65,-87.74,-90.01,-92.46,-87.88,-88.05,-87.07,-87.14,-89.80,-88.79,-84.52,-84.06,-83.68,-83.99,-88.72,-89.03,-86.02,-85.43,-86.20,-91.31,-89.00,-89.70,-87.49,-89.49,-83.61,-88.26,-90.29,-86.20,-87.84,-87.49,-89.52,-87.11,-87.88,-87.35,-89.28,-91.87,-89.63,-95.09,-90.12,-98.38,-95.30,-98.34,-96.91,-96.77,-99.18,-98.83,-102.79,-97.57,-103.59,-100.41,-100.27,-102.58,-101.18,-101.91,-104.22,-103.03,-100.93,-105.31,-114.16,-124.63,-133.80,-133.83,-131.03,-134.60,-137.30,-138.17,-134.67,-133.80,-135.44,-138.84,-137.02,-137.61,-136.25,-135.20,-138.10,-134.08,-134.53,-136.74,-136.49,-133.62,-134.43,-138.03,-137.96,-135.44,-134.88,-135.09,-132.33,-138.24,-132.71,-134.81,-131.35,-132.19,-131.84,-131.63,-132.82,-130.72,-129.04,-126.06,-128.44,-126.69,-125.92,-128.06,-125.96,-131.70,-137.12,-137.02,-146.01,-149.30,-152.91,-152.35,-156.62,-155.46,-156.06,-154.31,-157.91,-155.71,-152.59,-157.25,-155.29,-152.31,-149.27,-153.05,-155.99,-154.94,-157.81,-156.58,-158.65,-160.75,-155.99,-159.52,-157.98,-160.15,-155.78,-158.82,-157.00,-158.05,-154.38,-154.97,-154.87,-154.55,-153.99,-154.38,-152.84,-153.36,-150.98,-152.14,-150.21
-74.65,-74.72,-77.90,-76.75,-79.48,-80.84,-81.09,-81.02,-84.69,-84.48,-82.59,-84.06,-84.76,-85.71,-89.87,-88.93,-89.03,-91.80,-88.12,-90.78,-86.97,-90.08,-91.59,-86.55,-86.20,-83.43,-86.72,-88.30,-88.72,-90.50,-88.61,-83.19,-88.26,-89.70,-89.77,-87.25,-91.13,-88.89,-88.61,-89.77,-89.98,-86.51,-87.63,-86.27,-89.21,-87.11,-88.96,-88.33,-91.94,-90.01,-89.31,-89.94,-95.58,-96.52,-93.48,-96.91,-99.29,-96.31,-98.90,-99.88,-99.11,-100.97,-98.97,-101.70,-100.34,-100.48,-100.86,-101.81,-100.20,-102.65,-104.92,-111.89,-120.22,-132.01,-126.48,-125.85,-130.37,-126.41,-129.04,-130.12,-128.37,-128.51,-131.42,-127.43,-125.40,-126.80,-124.07,-127.50,-127.92,-122.70,-127.88,-126.27,-122.74,-125.61,-125.47,-125.43,-122.98,-128.06,-122.49,-120.71,-125.33,-120.92,-123.12,-120.46,-119.97,-113.71,-115.74,-117.38,-114.09,-110.24,-109.68,-112.27,-113.99,-110.21,-109.40,-106.60,-113.01,-113.53,-123.44,-137.61,-148.11,-149.51,-152.84,-156.76,-157.70,-153.89,-156.37,-154.90,-156.97,-157.95,-157.07,-154.03,-151.44,-151.33,-154.80,-156.51,-155.64,-159.10,-156.30,-154.31,-156.76,-157.18,-156.86,-157.91,-157.74,-155.08,-158.19,-156.97,-157.98,-155.60,-154.38,-154.41,-154.97,-158.54,-156.16,-152.94,-153.26,-153.40,-150.18,-152.45
-71.15,-73.53,-73.25,-76.64,-79.16,-82.73,-82.77,-83.26,-83.78,-84.73,-84.97,-85.85,-84.20,-85.18,-88.37,-90.12,-85.64,-88.44,-88.19,-88.72,-89.59,-90.08,-88.40,-90.15,-88.75,-84.24,-84.38,-85.08,-85.18,-86.55,-87.63,-88.26,-88.09,-91.06,-91.73,-87.63,-90.26,-85.43,-87.81,-89.21,-87.74,-88.44,-86.97,-88.86,-88.12,-88.82,-90.12,-90.68,-89.24,-89.63,-93.13,-89.03,-96.07,-92.78,-96.07,-96.59,-96.59,-96.94,-102.09,-101.67,-102.58,-100.72,-99.92,-99.85,-99.46,-102.75,-99.53,-101.77,-99.32,-102.33,-103.45,-103.10,-106.78,-110.87,-109.93,-110.70,-110.52,-112.17,-114.27,-109.40,-111.08,-114.16,-114.79,-113.43,-110.63,-108.70,-110.73,-110.35,-111.15,-104.57,-108.77,-106.67,-106.81,-105.55,-108.84,-110.21,-108.56,-109.26,-107.06,-105.69,-108.77,-108.56,-107.58,-102.47,-103.17,-105.06,-107.20,-109.86,-106.85,-110.73,-108.70,-112.24,-109.61,-107.76,-108.95,-104.78,-109.09,-110.98,-109.68,-127.22,-141.39,-150.39,-151.82,-156.20,-154.66,-154.76,-156.55,-158.65,-153.71,-155.01,-154.62,-155.32,-153.08,-154.17,-156.79,-157.04,-156.90,-156.06,-155.95,-152.35,-155.85,-155.39,-157.21,-157.67,-157.42,-156.41,-157.39,-155.53,-156.90,-153.92,-152.87,-153.96,-156.02,-155.22,-155.92,-151.93,-152.66,-153.85,-150.18,-148.29
-71.18,-76.22,-76.68,-74.79,-76.64,-81.30,-82.98,-80.81,-85.32,-87.84,-84.73,-87.14,-88.09,-89.42,-90.01,-89.73,-87.46,-87.95,-85.50,-86.69,-86.16,-87.18,-87.35,-87.84,-87.56,-84.62,-85.18,-85.29,-87.14,-86.65,-87.77,-92.43,-89.91,-92.15,-89.38,-88.33,-49.87,-77.76,-88.37,-86.55,-86.37,-89.14,-88.79,-91.80,-86.58,-87.95,-87.84,-89.98,-88.33,-91.27,-93.16,-91.10,-95.44,-95.54,-97.75,-99.88,-95.51,-99.43,-102.26,-101.67,-99.60,-102.82,-98.45,-101.21,-100.69,-102.68,-100.41,-104.29,-97.96,-101.04,-105.03,-98.55,-100.97,-101.18,-103.94,-103.31,-103.77,-106.29,-105.80,-107.72,-105.90,-107.86,-109.44,-106.95,-104.85,-103.07,-102.65,-102.23,-103.70,-99.95,-102.09,-105.59,-104.50,-104.19,-104.92,-106.57,-105.52,-108.42,-103.31,-104.26,-104.57,-106.60,-107.90,-103.91,-105.31,-107.65,-108.04,-108.25,-111.15,-108.32,-106.81,-115.74,-111.96,-107.72,-110.07,-108.88,-112.52,-109.79,-108.81,-118.54,-137.23,-146.78,-152.03,-155.64,-156.09,-155.67,-156.65,-158.26,-154.10,-153.33,-153.89,-156.16,-156.37,-154.24,-156.76,-154.38,-155.81,-158.79,-156.37,-155.88,-155.39,-156.44,-155.71,-155.92,-159.87,-158.37,-157.60,-155.71,-159.07,-152.77,-155.22,-154.10,-153.82,-155.53,-156.48,-154.34,-152.59,-152.28,-150.77,-149.16
-69.92,-72.30,-73.81,-74.16,-78.95,-80.53,-81.96,-85.01,-83.92,-85.85,-82.63,-85.46,-85.64,-85.57,-88.93,-88.16,-89.59,-87.91,-88.58,-87.98,-86.62,-86.37,-88.02,-86.34,-88.40,-84.10,-84.55,-89.91,-91.10,-89.63,-88.79,-88.30,-89.24,-89.21,-86.93,-88.96,-89.49,-86.23,-87.74,-88.82,-91.17,-89.80,-86.90,-90.47,-92.36,-87.35,-88.19,-90.92,-92.29,-92.85,-93.97,-91.66,-96.17,-93.86,-93.02,-99.25,-96.24,-96.49,-99.43,-102.12,-99.95,-100.34,-98.20,-100.97,-100.51,-100.86,-100.13,-102.65,-101.88,-101.18,-102.26,-101.11,-101.00,-105.55,-102.65,-102.09,-105.48,-106.60,-103.98,-105.45,-110.66,-108.11,-107.41,-106.71,-104.57,-104.40,-106.50,-102.75,-105.73,-103.52,-104.43,-102.96,-100.34,-103.10,-102.16,-104.68,-107.20,-105.52,-105.76,-108.35,-109.19,-106.78,-107.20,-103.52,-105.45,-103.07,-108.77,-111.99,-109.89,-111.08,-111.71,-111.82,-109.68,-108.32,-108.25,-107.69,-106.81,-105.90,-105.52,-111.85,-134.32,-149.27,-151.23,-155.78,-158.12,-155.78,-155.57,-153.78,-153.26,-158.26,-157.63,-157.18,-153.96,-156.34,-156.55,-156.86,-154.48,-155.99,-156.20,-155.78,-156.23,-154.45,-156.48,-156.30,-159.56,-151.96,-153.82,-157.28,-157.95,-157.60,-152.07,-152.10,-153.47,-152.21,-155.43,-153.78,-152.73,-148.60,-150.25,-145.84
-70.27,-73.25,-73.21,-75.24,-77.62,-78.99,-81.44,-83.08,-83.08,-85.29,-83.33,-85.53,-87.56,-88.72,-89.17,-88.72,-90.82,-91.69,-90.19,-87.18,-89.45,-88.16,-88.09,-89.35,-89.17,-87.60,-87.46,-87.91,-93.34,-90.26,-88.93,-87.95,-87.95,-88.51,-87.25,-85.08,-88.33,-85.92,-88.12,-89.14,-88.30,-89.31,-91.48,-92.39,-91.66,-89.21,-91.17,-92.53,-90.89,-92.18,-93.16,-92.85,-96.42,-95.89,-94.49,-97.15,-95.86,-99.57,-97.68,-99.78,-100.06,-100.16,-98.48,-98.69,-98.27,-101.39,-101.28,-104.68,-102.68,-98.73,-104.36,-101.53,-101.67,-105.48,-106.60,-102.44,-105.73,-102.72,-104.40,-105.24,-107.16,-108.74,-107.27,-109.05,-104.19,-103.00,-103.21,-103.91,-106.78,-101.42,-108.07,-103.63,-101.95,-104.82,-103.10,-104.15,-103.45,-107.34,-107.62,-109.26,-108.42,-107.97,-107.62,-107.41,-108.35,-107.55,-107.37,-110.49,-111.15,-113.04,-110.59,-111.40,-110.31,-107.72,-108.70,-109.02,-109.61,-109.30,-105.59,-116.86,-134.95,-151.51,-152.45,-153.68,-157.28,-155.60,-152.38,-152.59,-157.39,-158.26,-155.74,-155.88,-156.37,-155.71,-155.71,-157.35,-157.00,-158.30,-158.37,-155.85,-154.10,-156.55,-158.12,-157.11,-158.09,-157.84,-155.85,-154.80,-155.08,-156.69,-154.45,-150.18,-154.73,-155.11,-152.91,-153.54,-153.29,-152.87,-153.89,-151.19
-69.96,-72.72,-76.71,-74.05,-74.51,-77.76,-79.72,-81.09,-83.99,-85.99,-81.86,-87.77,-85.22,-85.81,-86.34,-85.53,-89.10,-88.68,-92.04,-90.57,-90.99,-90.85,-93.90,-89.98,-89.38,-85.57,-87.00,-88.54,-89.63,-91.31,-89.94,-88.75,-87.81,-89.07,-85.08,-87.81,-90.12,-88.61,-87.00,-90.29,-90.57,-92.92,-92.36,-93.51,-90.33,-92.85,-89.31,-91.80,-92.36,-95.68,-92.46,-90.96,-96.70,-92.71,-93.55,-96.80,-97.57,-97.01,-98.34,-97.96,-99.95,-97.68,-96.00,-100.58,-97.75,-101.81,-100.44,-102.23,-104.22,-101.81,-103.91,-100.58,-102.54,-105.13,-105.66,-101.95,-106.11,-104.22,-104.22,-105.87,-106.36,-106.46,-107.58,-105.45,-106.74,-102.26,-104.75,-101.74,-104.68,-99.36,-103.00,-104.05,-101.98,-103.66,-104.78,-108.11,-107.37,-109.58,-108.35,-106.11,-107.30,-108.77,-108.04,-107.65,-109.47,-108.60,-108.04,-109.33,-111.96,-113.46,-109.44,-108.04,-110.70,-107.58,-111.36,-106.85,-109.47,-110.03,-119.17,-120.78,-143.91,-151.61,-156.06,-156.30,-156.34,-157.28,-155.95,-157.63,-153.64,-158.82,-160.50,-159.10,-154.13,-153.92,-155.29,-156.97,-155.15,-158.93,-155.18,-160.19,-155.01,-160.26,-155.60,-157.18,-155.85,-157.74,-154.03,-154.76,-151.33,-153.54,-154.10,-152.73,-153.75,-151.09,-155.01,-153.01,-155.11,-152.28,-149.76,-152.63
-72.34,-72.55,-74.58,-75.21,-77.55,-75.21,-80.95,-78.29,-80.60,-86.23,-84.17,-85.78,-87.56,-85.29,-86.09,-85.67,-86.27,-89.31,-92.71,-90.26,-93.13,-89.87,-95.54,-88.65,-89.59,-87.67,-88.51,-89.66,-91.34,-89.24,-88.26,-85.43,-91.41,-89.31,-86.65,-87.46,-90.36,-90.36,-91.97,-92.99,-88.68,-92.29,-90.40,-92.36,-92.18,-90.54,-90.57,-91.76,-90.47,-93.76,-89.52,-94.00,-96.59,-94.98,-96.31,-97.29,-95.37,-97.99,-97.78,-100.51,-99.74,-99.43,-100.97,-99.64,-99.08,-99.88,-100.86,-103.14,-102.40,-99.46,-101.95,-103.24,-97.78,-104.75,-107.55,-106.95,-105.06,-103.42,-104.82,-103.98,-107.13,-107.83,-107.02,-110.14,-106.39,-102.86,-105.20,-101.21,-100.93,-102.02,-104.57,-102.89,-104.61,-105.17,-108.32,-106.36,-107.30,-110.10,-110.70,-105.17,-109.05,-107.86,-109.12,-106.81,-111.01,-107.16,-110.49,-109.58,-110.98,-111.26,-108.32,-109.93,-113.18,-110.38,-109.79,-109.19,-115.35,-118.01,-125.50,-136.81,-145.45,-153.50,-160.22,-154.52,-156.06,-154.34,-158.47,-157.88,-158.79,-155.32,-157.74,-157.91,-152.77,-153.57,-156.09,-153.85,-155.57,-159.28,-154.97,-157.84,-154.94,-157.49,-152.63,-157.77,-154.52,-154.73,-152.77,-151.75,-153.82,-152.28,-149.97,-153.75,-155.39,-155.50,-150.70,-152.45,-149.97,-150.32,-152.73,-147.90
-68.66,-70.45,-73.81,-71.32,-74.72,-75.49,-82.17,-79.48,-81.12,-82.49,-82.35,-83.50,-84.52,-83.22,-86.62,-88.51,-91.03,-89.98,-90.36,-86.27,-92.74,-88.86,-91.34,-86.41,-88.05,-87.60,-89.52,-88.16,-92.15,-89.63,-86.44,-87.46,-89.28,-92.57,-88.89,-87.32,-87.98,-88.02,-91.94,-92.25,-95.09,-91.97,-92.64,-91.20,-95.33,-94.49,-91.90,-93.37,-95.12,-94.04,-93.09,-92.18,-96.59,-97.26,-96.73,-97.64,-98.90,-96.87,-100.83,-102.33,-99.04,-101.32,-100.97,-101.70,-99.95,-101.25,-101.63,-101.70,-103.31,-103.87,-104.08,-100.23,-102.02,-106.67,-104.15,-102.16,-103.07,-103.70,-103.24,-104.71,-106.64,-106.60,-105.34,-109.37,-107.06,-101.95,-103.28,-99.67,-103.91,-104.01,-106.64,-104.33,-104.96,-104.82,-108.74,-108.42,-106.29,-108.21,-106.74,-108.98,-108.63,-110.21,-108.67,-103.94,-105.55,-107.44,-110.63,-112.41,-113.08,-115.77,-112.20,-113.92,-117.03,-116.02,-116.44,-118.89,-121.76,-126.97,-136.07,-145.91,-148.39,-151.61,-152.70,-153.29,-157.14,-157.46,-158.68,-154.62,-158.23,-156.23,-159.45,-156.02,-157.49,-157.84,-156.65,-156.51,-155.46,-160.01,-155.25,-156.90,-155.67,-155.15,-153.43,-157.39,-153.50,-154.38,-153.40,-150.74,-157.67,-154.73,-149.65,-153.57,-152.66,-155.57,-152.42,-147.34,-152.17,-151.09,-150.63,-148.74
-68.56,-70.87,-74.44,-74.16,-76.85,-73.04,-79.34,-78.99,-83.01,-82.91,-81.89,-84.66,-83.85,-84.97,-88.51,-88.16,-88.79,-89.38,-89.03,-90.22,-90.15,-87.74,-92.64,-91.94,-89.21,-87.70,-89.35,-90.19,-90.89,-91.24,-88.86,-90.54,-91.24,-91.13,-91.59,-88.12,-90.64,-83.85,-88.44,-88.02,-90.54,-93.02,-89.03,-93.23,-96.94,-92.85,-93.83,-96.45,-92.43,-93.37,-89.49,-95.26,-93.34,-96.66,-96.80,-99.39,-97.92,-98.55,-101.32,-99.22,-97.47,-100.55,-99.01,-102.16,-104.82,-98.45,-102.02,-104.08,-102.79,-102.23,-105.73,-103.28,-103.98,-107.27,-103.94,-105.10,-102.26,-102.16,-104.68,-102.86,-103.42,-106.22,-104.96,-105.73,-107.16,-102.89,-101.95,-101.88,-102.79,-103.10,-105.76,-104.47,-103.10,-105.97,-105.38,-108.84,-108.42,-113.50,-107.30,-109.19,-110.00,-112.59,-112.45,-111.54,-110.59,-113.57,-115.60,-117.00,-120.15,-122.32,-121.48,-126.66,-128.51,-126.03,-133.55,-131.52,-138.28,-146.15,-145.52,-155.08,-151.54,-148.85,-152.84,-152.28,-152.56,-159.91,-156.06,-159.38,-157.77,-157.21,-159.35,-158.40,-156.58,-156.06,-156.72,-154.94,-152.77,-158.79,-155.53,-161.52,-153.50,-157.67,-154.48,-156.65,-154.69,-152.80,-154.73,-153.68,-151.82,-153.40,-155.15,-153.82,-149.79,-153.19,-152.07,-149.55,-146.78,-147.97,-147.94,-148.64
-71.50,-71.99,-71.39,-73.04,-76.61,-75.80,-78.71,-79.97,-80.46,-83.12,-82.10,-82.84,-86.83,-86.93,-87.25,-86.27,-87.32,-84.17,-89.14,-89.42,-90.15,-89.14,-90.61,-88.05,-88.44,-86.27,-88.23,-91.55,-92.95,-86.06,-86.34,-91.24,-91.90,-93.69,-90.12,-89.77,-90.92,-89.07,-93.23,-89.56,-90.96,-91.97,-93.90,-95.93,-95.72,-93.27,-96.14,-96.14,-98.24,-96.17,-94.35,-93.30,-95.12,-94.18,-95.96,-97.29,-97.92,-100.72,-101.84,-101.84,-100.79,-101.98,-100.23,-102.54,-97.89,-101.91,-100.02,-103.87,-103.70,-100.76,-101.84,-102.93,-101.95,-106.04,-103.87,-107.30,-105.55,-104.61,-106.78,-107.20,-109.44,-109.93,-106.50,-107.62,-104.75,-103.56,-102.72,-105.80,-103.91,-101.28,-104.50,-109.40,-104.05,-106.29,-108.46,-113.11,-116.93,-116.79,-115.98,-117.63,-120.50,-120.71,-123.26,-121.58,-125.96,-121.41,-125.33,-129.32,-131.28,-135.09,-136.25,-140.97,-143.88,-143.77,-148.36,-143.49,-146.36,-150.11,-147.10,-148.04,-146.47,-147.24,-150.32,-153.19,-158.89,-158.12,-157.21,-159.35,-157.14,-158.44,-159.03,-157.11,-151.51,-152.56,-157.84,-155.18,-154.41,-157.95,-157.70,-157.56,-155.50,-150.88,-154.41,-157.04,-157.14,-150.14,-157.39,-153.05,-152.14,-153.33,-155.01,-153.54,-152.42,-152.63,-151.26,-148.11,-147.27,-150.18,-148.57,-146.26
-67.12,-69.57,-72.97,-73.98,-73.04,-74.40,-76.82,-78.85,-80.77,-78.39,-81.93,-84.06,-82.59,-88.09,-88.19,-86.23,-87.63,-86.34,-85.85,-85.01,-85.64,-88.68,-88.47,-89.00,-87.95,-85.39,-89.52,-88.12,-89.14,-88.40,-87.18,-90.47,-93.16,-94.11,-90.19,-93.37,-91.55,-90.64,-91.38,-94.25,-93.48,-91.87,-92.88,-95.72,-97.33,-94.04,-95.79,-97.85,-96.84,-91.55,-94.60,-92.64,-95.65,-96.42,-97.40,-99.18,-98.13,-99.64,-100.58,-102.40,-101.04,-101.56,-99.43,-99.92,-102.86,-102.30,-102.05,-102.93,-102.82,-102.02,-103.73,-101.18,-103.66,-106.99,-108.39,-111.08,-111.15,-114.58,-112.45,-116.47,-118.99,-114.37,-118.61,-117.35,-111.43,-112.80,-114.37,-113.11,-112.31,-110.66,-113.92,-116.72,-115.74,-120.18,-121.62,-124.45,-127.43,-130.44,-133.17,-131.56,-136.53,-135.48,-141.57,-140.20,-141.29,-136.95,-138.66,-140.10,-140.73,-143.81,-144.05,-148.15,-147.94,-148.50,-146.85,-148.01,-148.32,-148.60,-145.31,-143.49,-148.78,-148.64,-150.28,-156.13,-154.55,-157.74,-151.58,-153.85,-154.34,-159.10,-157.35,-154.94,-154.10,-153.96,-155.67,-154.87,-152.17,-150.39,-155.78,-159.28,-154.66,-155.92,-153.82,-158.65,-152.03,-150.84,-152.66,-152.94,-157.70,-154.94,-155.29,-150.70,-148.78,-151.79,-150.53,-150.67,-149.69,-146.01,-148.39,-145.14
-69.71,-68.38,-70.27,-71.99,-73.28,-75.38,-76.15,-78.32,-79.37,-81.47,-81.09,-81.47,-83.22,-82.84,-82.38,-84.90,-85.60,-85.01,-85.18,-86.58,-85.99,-87.63,-87.98,-86.41,-86.34,-87.18,-86.76,-87.35,-88.89,-87.49,-87.07,-89.42,-88.93,-93.09,-91.76,-91.10,-92.18,-91.34,-90.40,-92.60,-90.29,-93.90,-93.09,-92.71,-92.85,-92.85,-89.28,-94.84,-92.57,-90.96,-93.93,-93.69,-95.26,-95.58,-97.12,-100.30,-98.31,-98.80,-102.19,-101.98,-98.03,-99.43,-99.85,-100.79,-102.16,-101.88,-99.78,-101.25,-98.34,-100.86,-101.32,-100.55,-101.98,-104.47,-112.03,-114.55,-125.26,-127.01,-130.58,-131.91,-129.28,-130.44,-132.85,-134.11,-129.95,-128.27,-130.37,-125.99,-130.54,-126.03,-127.99,-131.98,-130.65,-133.62,-138.63,-142.86,-145.31,-143.53,-145.38,-142.30,-151.19,-147.20,-152.66,-144.68,-143.25,-142.20,-143.98,-145.66,-146.47,-143.81,-141.60,-144.96,-144.72,-145.87,-146.29,-145.80,-148.15,-150.14,-147.45,-150.32,-149.83,-146.85,-150.42,-149.72,-151.68,-151.96,-153.75,-154.66,-155.29,-153.99,-154.73,-151.96,-145.77,-146.05,-151.68,-151.54,-147.94,-150.53,-152.03,-152.56,-148.99,-153.43,-147.73,-150.91,-152.70,-150.53,-152.35,-149.79,-151.12,-153.22,-149.51,-151.05,-152.45,-149.65,-148.95,-150.14,-147.27,-147.06,-145.52,-143.84
-65.72,-69.36,-71.29,-68.70,-74.05,-75.10,-75.77,-76.22,-75.87,-80.84,-78.99,-80.07,-79.65,-83.89,-83.71,-83.47,-81.82,-81.58,-82.84,-81.16,-83.82,-85.01,-85.53,-83.47,-83.85,-87.77,-83.99,-85.01,-90.71,-88.86,-89.14,-89.84,-89.07,-90.12,-90.78,-89.59,-92.78,-90.82,-94.04,-93.44,-94.32,-93.16,-90.82,-92.85,-96.59,-95.30,-92.50,-96.56,-93.86,-95.09,-94.07,-97.71,-97.57,-91.45,-97.50,-98.76,-97.78,-95.75,-98.24,-98.80,-98.10,-100.48,-96.77,-100.09,-98.83,-98.73,-101.53,-103.03,-101.81,-96.31,-100.93,-99.74,-98.69,-104.61,-112.62,-123.75,-130.93,-134.53,-137.93,-140.20,-137.47,-137.02,-138.52,-141.04,-137.05,-138.24,-140.31,-140.03,-139.29,-137.05,-140.97,-144.33,-140.34,-137.79,-145.03,-145.10,-147.48,-146.75,-144.23,-144.79,-146.43,-148.81,-142.65,-142.20,-139.89,-138.21,-135.76,-138.35,-141.36,-141.04,-138.98,-143.56,-145.07,-143.14,-142.79,-145.94,-150.60,-148.95,-144.72,-148.95,-147.45,-149.09,-152.91,-152.03,-152.66,-154.59,-153.26,-148.71,-152.56,-151.75,-153.92,-149.34,-153.08,-148.57,-148.71,-148.60,-147.69,-153.22,-151.23,-150.60,-149.86,-148.95,-152.17,-152.03,-149.06,-150.60,-148.85,-149.97,-152.73,-152.31,-150.70,-151.89,-152.66,-150.56,-149.79,-148.01,-148.43,-146.64,-145.21,-141.50
-68.35,-70.06,-66.35,-68.38,-69.12,-72.48,-76.61,-74.51,-75.07,-78.04,-76.50,-77.80,-76.36,-81.65,-84.06,-81.86,-79.51,-82.03,-81.61,-77.80,-82.52,-83.15,-85.85,-86.83,-86.34,-84.52,-86.58,-87.18,-92.08,-89.84,-89.56,-91.20,-90.57,-93.48,-91.10,-89.66,-89.91,-87.21,-91.62,-89.07,-91.06,-91.55,-90.92,-94.11,-92.92,-92.43,-92.32,-95.40,-92.36,-95.09,-96.59,-92.71,-95.79,-94.11,-95.23,-100.34,-98.24,-97.15,-97.85,-96.42,-97.89,-97.08,-97.68,-101.49,-98.41,-100.13,-97.15,-100.76,-97.33,-94.67,-101.04,-100.23,-99.71,-101.28,-104.61,-112.90,-120.53,-123.30,-123.47,-125.40,-124.98,-123.51,-125.26,-127.64,-126.38,-127.46,-129.67,-133.03,-135.02,-133.52,-135.30,-134.01,-133.83,-130.93,-138.49,-137.47,-138.38,-136.14,-135.44,-135.76,-134.74,-134.29,-135.06,-131.00,-129.95,-126.17,-129.67,-127.50,-132.82,-129.81,-128.16,-128.58,-134.53,-137.09,-140.76,-141.32,-150.67,-149.06,-148.95,-145.91,-146.92,-149.06,-146.89,-150.49,-149.44,-151.82,-149.37,-153.89,-150.74,-149.97,-153.33,-150.56,-150.49,-150.04,-150.11,-148.71,-148.64,-150.53,-151.02,-150.53,-152.35,-149.79,-149.93,-150.46,-148.18,-150.95,-146.61,-147.83,-144.89,-148.74,-152.77,-148.64,-151.19,-150.39,-146.89,-145.66,-150.56,-144.05,-145.59,-145.66
-64.08,-66.14,-65.90,-64.57,-70.52,-70.80,-73.28,-71.85,-75.59,-76.33,-73.84,-71.36,-78.25,-79.86,-77.20,-79.41,-77.20,-80.32,-82.42,-81.33,-81.33,-81.82,-83.92,-83.89,-89.07,-86.27,-89.07,-89.52,-92.95,-92.88,-90.68,-89.21,-92.64,-93.79,-91.83,-90.85,-89.21,-93.48,-90.92,-91.97,-91.20,-96.70,-93.58,-94.04,-94.35,-92.85,-90.61,-95.79,-92.43,-94.18,-93.37,-95.96,-96.56,-92.92,-98.76,-97.96,-97.54,-96.56,-98.17,-100.27,-95.65,-97.78,-100.13,-99.22,-96.52,-98.34,-97.40,-101.49,-98.17,-99.81,-99.60,-98.06,-98.45,-102.19,-100.55,-99.85,-103.45,-107.41,-113.18,-110.14,-112.97,-110.49,-109.58,-109.58,-110.45,-112.17,-116.75,-118.50,-119.13,-119.55,-124.38,-121.65,-123.23,-122.77,-123.58,-126.31,-125.08,-126.69,-123.30,-126.45,-119.87,-121.58,-121.62,-118.78,-119.27,-109.89,-114.37,-112.73,-116.68,-115.25,-113.39,-117.98,-121.55,-127.22,-133.62,-141.04,-149.48,-149.16,-149.76,-146.89,-149.27,-148.99,-154.38,-155.78,-155.78,-152.03,-151.68,-150.00,-151.33,-152.59,-153.08,-154.38,-147.83,-151.37,-148.57,-150.28,-151.09,-152.14,-150.25,-152.38,-152.59,-148.18,-148.64,-151.58,-150.25,-150.14,-152.42,-146.61,-150.70,-150.60,-148.99,-148.46,-150.84,-149.02,-147.31,-149.90,-147.52,-146.99,-144.09,-140.34
-62.36,-67.51,-68.24,-63.38,-65.13,-68.00,-71.92,-72.62,-73.18,-78.60,-76.43,-77.38,-75.00,-81.33,-82.17,-81.86,-83.40,-83.89,-81.93,-82.77,-84.87,-83.36,-87.98,-85.39,-88.02,-89.38,-87.32,-89.84,-93.34,-94.84,-90.19,-90.33,-91.06,-92.15,-91.94,-95.09,-91.59,-91.94,-90.82,-90.19,-91.62,-92.57,-91.59,-92.46,-91.24,-95.54,-91.90,-95.61,-94.56,-92.95,-95.16,-94.88,-98.66,-96.59,-95.26,-95.33,-94.60,-98.03,-98.20,-97.36,-98.38,-101.49,-99.74,-98.97,-101.04,-99.22,-96.84,-101.28,-99.74,-99.85,-104.08,-99.22,-99.46,-104.12,-103.21,-102.30,-102.54,-102.51,-101.84,-101.67,-102.61,-106.15,-99.71,-101.14,-100.72,-99.50,-100.86,-101.56,-103.38,-104.85,-106.53,-107.44,-104.33,-106.25,-107.69,-112.34,-108.07,-110.42,-103.07,-106.81,-107.65,-106.99,-106.11,-104.33,-107.65,-103.00,-109.89,-106.60,-107.58,-108.95,-105.80,-109.86,-109.40,-109.89,-119.69,-129.67,-139.29,-148.08,-144.19,-147.13,-152.24,-155.36,-154.20,-154.34,-154.41,-154.69,-152.24,-153.68,-153.43,-157.67,-155.15,-155.64,-151.30,-150.91,-154.34,-153.75,-154.87,-154.69,-155.71,-154.83,-149.13,-153.15,-152.94,-156.76,-154.90,-154.13,-150.88,-141.67,-151.54,-149.44,-146.12,-147.06,-147.55,-146.08,-146.89,-148.71,-148.32,-143.56,-143.60,-141.81
-62.05,-66.56,-66.56,-66.53,-69.50,-68.66,-74.33,-73.07,-75.80,-78.43,-78.46,-79.62,-80.11,-80.21,-80.81,-81.96,-81.82,-86.69,-83.54,-85.15,-85.67,-85.50,-90.43,-88.58,-88.61,-89.59,-90.75,-90.05,-94.21,-95.19,-93.69,-89.24,-91.31,-95.89,-94.18,-93.37,-95.33,-91.59,-91.87,-90.19,-93.48,-92.36,-90.40,-91.41,-91.41,-93.41,-93.44,-94.56,-97.54,-98.24,-96.77,-95.61,-96.87,-93.16,-96.80,-97.40,-93.90,-93.65,-96.00,-99.01,-96.77,-101.46,-99.78,-99.74,-98.80,-100.06,-96.77,-99.08,-99.74,-102.12,-102.12,-97.12,-100.23,-102.19,-99.01,-102.33,-100.51,-101.21,-100.27,-102.09,-101.77,-101.70,-100.55,-102.26,-101.67,-101.14,-100.76,-101.46,-103.42,-102.54,-103.73,-103.21,-100.79,-100.76,-100.55,-100.90,-102.23,-105.76,-101.46,-99.81,-103.42,-104.29,-104.99,-103.07,-102.54,-104.85,-104.99,-107.97,-106.92,-106.78,-101.18,-106.74,-103.31,-104.19,-108.46,-122.42,-140.17,-147.76,-149.51,-148.36,-153.61,-157.77,-150.95,-154.20,-157.07,-156.83,-154.38,-158.33,-152.84,-155.64,-157.04,-155.78,-153.68,-152.28,-152.17,-154.62,-156.16,-155.85,-153.71,-155.18,-156.76,-154.66,-156.72,-156.55,-155.60,-155.71,-152.24,-149.09,-149.62,-150.07,-153.68,-147.66,-148.88,-148.57,-148.78,-150.00,-145.80,-146.54,-145.28,-143.70
-65.06,-66.07,-66.35,-67.33,-67.96,-71.39,-75.59,-76.40,-77.34,-79.13,-77.55,-78.01,-80.14,-83.89,-85.08,-83.08,-83.26,-83.50,-83.01,-81.33,-87.21,-86.72,-88.65,-91.66,-91.10,-87.35,-89.73,-90.43,-94.77,-93.02,-93.69,-91.83,-90.43,-92.71,-91.13,-92.29,-95.05,-90.92,-92.39,-90.82,-89.38,-91.17,-90.36,-90.19,-91.59,-91.97,-94.14,-92.78,-94.70,-95.26,-93.16,-93.90,-94.88,-95.61,-96.49,-93.79,-93.62,-95.75,-98.13,-96.98,-94.67,-103.07,-96.98,-98.97,-102.96,-97.05,-99.15,-99.78,-101.42,-98.90,-101.00,-97.85,-95.93,-102.09,-99.64,-100.55,-102.96,-99.29,-106.18,-101.04,-102.65,-102.09,-104.50,-103.73,-96.49,-98.94,-97.75,-98.24,-101.11,-99.60,-101.04,-103.98,-100.51,-99.88,-101.95,-106.32,-101.00,-103.59,-99.29,-97.26,-102.96,-104.47,-102.82,-103.42,-103.42,-105.17,-108.04,-108.04,-106.95,-106.57,-103.35,-103.17,-103.98,-104.57,-109.44,-114.83,-136.28,-147.41,-147.20,-151.30,-152.56,-154.62,-155.36,-154.55,-155.78,-154.24,-155.53,-153.64,-152.77,-152.63,-155.39,-153.92,-152.87,-151.12,-153.15,-152.84,-153.57,-156.69,-154.45,-154.06,-152.77,-149.69,-150.39,-152.38,-153.96,-153.40,-150.18,-148.88,-150.39,-148.22,-152.87,-147.17,-148.25,-146.43,-145.70,-147.59,-143.98,-143.98,-141.88,-143.77
-64.71,-68.17,-66.46,-69.36,-71.11,-71.53,-75.17,-76.33,-81.33,-82.56,-80.77,-82.80,-81.05,-85.99,-87.46,-86.34,-83.92,-88.30,-85.43,-87.53,-89.80,-87.18,-89.35,-90.08,-90.78,-88.40,-91.97,-92.74,-96.52,-94.88,-91.80,-92.78,-91.55,-92.67,-94.67,-93.48,-96.14,-90.33,-90.57,-91.31,-92.39,-90.71,-88.86,-89.77,-90.54,-90.12,-90.54,-96.42,-94.07,-92.85,-95.65,-95.37,-99.32,-95.68,-95.86,-93.48,-96.45,-95.40,-98.24,-99.15,-99.01,-98.76,-100.30,-99.67,-100.55,-98.83,-100.97,-100.72,-100.79,-102.19,-101.81,-100.27,-99.15,-102.54,-102.82,-105.90,-103.42,-98.76,-100.30,-103.94,-102.44,-104.22,-104.96,-101.67,-98.69,-99.29,-102.86,-101.70,-103.21,-103.70,-104.99,-102.26,-98.59,-102.12,-102.68,-102.82,-104.50,-102.26,-102.05,-102.54,-103.73,-104.92,-106.32,-100.55,-108.25,-101.77,-106.01,-107.79,-103.35,-102.79,-104.47,-105.45,-105.31,-107.30,-109.30,-121.06,-136.88,-146.40,-149.20,-150.14,-154.69,-155.64,-154.66,-157.04,-151.54,-156.30,-153.05,-152.84,-152.66,-157.07,-158.44,-153.61,-150.21,-156.58,-153.92,-155.08,-156.93,-155.18,-153.19,-155.67,-151.86,-153.08,-153.92,-152.17,-153.22,-152.14,-152.77,-145.98,-147.73,-149.48,-150.77,-148.95,-149.09,-146.82,-148.18,-149.86,-148.36,-145.35,-143.70,-145.70
-69.61,-70.76,-71.81,-72.51,-75.00,-73.98,-75.49,-79.51,-81.16,-82.14,-80.95,-82.07,-85.64,-85.29,-90.08,-88.86,-88.37,-89.59,-90.43,-87.67,-90.36,-89.35,-90.75,-92.71,-91.10,-89.35,-89.45,-92.08,-94.63,-92.04,-91.80,-94.11,-89.84,-96.24,-95.12,-96.35,-93.37,-92.22,-92.15,-91.83,-93.90,-89.35,-91.83,-90.47,-91.45,-93.34,-92.04,-92.85,-91.55,-94.67,-97.57,-96.21,-97.40,-97.61,-95.86,-94.70,-93.90,-92.53,-96.52,-98.59,-96.84,-97.61,-97.61,-99.92,-101.14,-98.41,-99.39,-104.75,-102.51,-102.19,-99.92,-102.58,-102.79,-103.94,-102.47,-101.07,-103.07,-103.03,-104.75,-101.35,-102.33,-102.33,-104.33,-101.95,-101.07,-96.56,-103.07,-100.16,-104.26,-101.46,-103.00,-104.92,-100.02,-99.88,-101.60,-105.34,-102.44,-106.57,-102.12,-100.90,-102.51,-102.40,-104.85,-102.65,-104.82,-100.93,-107.06,-105.10,-104.89,-108.35,-103.28,-104.47,-104.75,-105.69,-116.96,-132.85,-144.37,-147.66,-153.22,-153.99,-153.40,-155.88,-154.87,-152.66,-158.05,-157.74,-154.20,-156.62,-158.19,-153.75,-156.27,-158.68,-155.32,-151.58,-155.22,-155.64,-153.05,-157.77,-154.27,-155.78,-154.06,-154.59,-154.87,-153.05,-151.89,-154.59,-152.73,-148.46,-149.55,-150.67,-148.53,-147.55,-146.47,-148.43,-146.64,-144.79,-145.63,-147.94,-144.68,-143.28
-69.61,-71.46,-69.15,-74.12,-74.26,-72.97,-78.01,-78.85,-78.43,-83.57,-80.28,-82.38,-83.61,-87.42,-89.80,-87.49,-88.02,-89.66,-90.64,-88.44,-89.91,-90.05,-94.14,-93.13,-93.51,-88.61,-90.89,-93.48,-93.76,-93.30,-92.95,-95.09,-89.52,-95.19,-92.29,-96.49,-97.08,-92.46,-95.02,-91.13,-94.39,-95.09,-93.23,-90.33,-89.77,-95.05,-93.48,-94.21,-93.37,-94.63,-92.85,-96.03,-98.55,-99.11,-98.38,-97.40,-94.07,-97.05,-97.29,-96.94,-98.20,-98.76,-94.74,-101.35,-99.53,-98.31,-99.88,-101.49,-100.55,-101.49,-103.14,-100.30,-99.74,-104.99,-104.89,-102.58,-102.58,-100.37,-102.93,-104.68,-103.42,-100.55,-55.40,-100.72,-99.46,-99.64,-101.21,-101.42,-102.86,-100.34,-100.51,-99.92,-101.81,-100.13,-102.61,-103.94,-104.78,-102.40,-101.42,-102.93,-102.86,-101.42,-105.66,-102.58,-106.29,-103.73,-102.82,-104.92,-107.30,-109.30,-108.67,-108.77,-111.82,-115.00,-129.84,-140.38,-149.62,-151.68,-149.90,-148.92,-151.89,-156.37,-153.92,-155.88,-158.93,-156.90,-156.37,-156.48,-155.71,-154.97,-160.19,-154.55,-153.99,-150.21,-155.74,-154.34,-153.01,-156.72,-151.26,-152.94,-153.82,-154.10,-154.34,-153.29,-156.62,-151.54,-149.65,-149.55,-147.97,-149.16,-148.88,-148.01,-152.10,-149.02,-147.76,-145.91,-144.79,-147.24,-144.23,-141.01
-68.28,-72.30,-70.83,-74.93,-74.61,-76.08,-80.21,-79.97,-81.12,-84.80,-80.91,-85.15,-86.76,-87.18,-91.87,-88.19,-88.65,-90.29,-89.38,-89.63,-89.80,-94.14,-94.32,-91.59,-88.16,-88.33,-91.27,-90.75,-93.34,-91.97,-93.27,-94.77,-93.13,-94.49,-95.16,-95.12,-93.09,-94.95,-93.34,-94.04,-93.79,-91.10,-93.16,-92.95,-93.58,-89.10,-92.25,-94.95,-92.60,-91.69,-96.59,-97.92,-99.71,-99.43,-97.15,-99.50,-93.20,-95.37,-96.56,-99.67,-100.13,-97.68,-100.37,-98.66,-102.19,-102.05,-98.38,-103.56,-100.30,-102.75,-103.84,-102.26,-98.73,-102.12,-104.57,-104.71,-101.60,-101.39,-101.63,-104.15,-101.56,-101.35,-100.62,-104.15,-99.01,-100.30,-103.24,-102.02,-99.78,-101.60,-103.24,-106.01,-100.72,-101.77,-104.22,-106.60,-105.27,-107.02,-104.26,-103.84,-105.27,-106.04,-106.71,-106.29,-106.08,-107.34,-110.10,-109.26,-114.02,-118.43,-116.89,-120.53,-132.68,-131.87,-144.02,-148.78,-147.66,-152.94,-150.63,-150.07,-155.18,-157.91,-156.06,-153.08,-154.90,-158.12,-154.94,-154.66,-154.52,-158.19,-158.93,-151.12,-156.37,-155.46,-153.71,-155.29,-155.88,-154.80,-151.23,-153.75,-150.95,-147.45,-152.52,-155.39,-154.83,-153.85,-151.02,-148.53,-148.39,-150.98,-150.11,-151.19,-149.06,-151.44,-145.45,-145.03,-146.71,-143.07,-145.84,-143.14
-67.51,-71.92,-75.24,-76.08,-73.91,-77.06,-83.01,-80.25,-80.95,-85.29,-82.52,-84.31,-83.78,-85.71,-87.95,-87.42,-90.85,-88.12,-90.47,-90.36,-90.01,-91.34,-89.70,-89.98,-88.19,-88.54,-89.59,-91.80,-92.15,-94.70,-91.55,-94.35,-92.74,-94.53,-91.31,-91.97,-93.30,-89.10,-91.90,-92.67,-92.71,-93.76,-90.54,-93.55,-91.90,-93.30,-92.95,-92.01,-93.79,-93.72,-92.85,-95.61,-98.20,-97.96,-95.30,-96.17,-92.92,-95.26,-93.93,-95.75,-98.55,-98.24,-96.80,-101.07,-100.58,-100.69,-101.07,-97.78,-104.01,-103.45,-106.29,-101.77,-100.34,-106.85,-106.32,-107.02,-105.13,-102.12,-104.57,-104.19,-102.72,-102.37,-104.29,-104.33,-103.24,-104.22,-102.44,-102.61,-103.80,-100.51,-103.52,-103.56,-103.94,-103.17,-103.94,-108.56,-108.28,-107.72,-109.30,-108.21,-108.67,-111.12,-112.97,-110.03,-111.61,-111.92,-120.08,-118.50,-122.95,-130.68,-131.52,-135.86,-142.86,-147.90,-153.43,-150.60,-151.05,-155.25,-149.83,-151.47,-153.47,-156.90,-153.40,-156.27,-155.22,-153.82,-154.03,-153.50,-152.17,-157.91,-155.32,-151.33,-155.36,-155.43,-154.17,-155.99,-155.43,-155.95,-151.89,-151.68,-150.18,-151.40,-151.89,-153.89,-152.35,-150.56,-150.70,-151.58,-149.16,-148.32,-151.47,-147.66,-147.27,-145.91,-144.89,-146.29,-143.74,-144.12,-142.97,-144.02
-76.54,-79.48,-77.83,-77.97,-83.40,-80.00,-86.30,-81.72,-82.21,-86.37,-84.97,-84.62,-86.79,-87.67,-87.28,-90.29,-90.82,-90.19,-89.10,-90.57,-90.15,-94.00,-92.01,-88.23,-90.54,-89.80,-91.41,-91.87,-96.31,-94.21,-94.14,-94.11,-91.20,-93.62,-89.10,-92.43,-92.64,-90.26,-92.46,-92.15,-90.01,-92.67,-91.62,-88.09,-88.61,-89.73,-90.61,-91.80,-93.13,-95.96,-94.74,-95.89,-98.06,-96.84,-82.59,-97.82,-94.70,-99.46,-98.24,-98.90,-101.49,-101.74,-99.57,-102.09,-103.56,-106.01,-102.65,-108.00,-109.23,-108.35,-108.56,-110.28,-110.21,-115.63,-113.43,-111.71,-112.66,-108.84,-112.83,-110.94,-109.58,-110.10,-112.38,-108.32,-107.13,-107.69,-105.03,-106.25,-109.23,-103.98,-108.67,-110.70,-109.54,-111.40,-113.22,-115.35,-115.56,-115.81,-116.44,-116.75,-119.66,-119.31,-123.61,-120.88,-124.21,-126.34,-132.57,-133.52,-141.46,-142.34,-143.35,-149.41,-151.16,-150.39,-151.44,-153.75,-151.54,-149.65,-149.69,-151.05,-152.73,-154.45,-150.04,-154.69,-155.15,-152.49,-152.28,-153.64,-155.43,-154.31,-154.24,-154.76,-150.84,-148.78,-154.48,-157.28,-153.40,-156.27,-155.46,-151.86,-153.54,-149.69,-152.63,-150.14,-151.05,-148.50,-151.61,-147.76,-149.41,-147.94,-150.46,-148.01,-147.27,-145.66,-146.22,-147.94,-145.35,-147.83,-145.28,-142.44
-93.62,-96.28,-97.29,-96.28,-94.70,-91.73,-88.72,-82.98,-86.83,-83.57,-84.80,-85.53,-88.61,-90.33,-91.62,-90.22,-95.33,-90.54,-91.80,-86.23,-93.09,-93.79,-93.27,-90.89,-93.09,-89.21,-88.47,-92.92,-93.97,-89.28,-94.35,-92.53,-95.44,-92.78,-90.82,-93.62,-93.62,-93.13,-93.79,-93.34,-90.96,-90.61,-88.12,-90.89,-89.24,-89.07,-88.40,-91.87,-91.83,-95.26,-95.93,-95.19,-96.00,-98.73,-95.75,-97.96,-96.77,-97.99,-101.98,-101.63,-107.06,-106.60,-106.81,-108.46,-113.85,-114.86,-116.33,-118.85,-120.18,-120.39,-122.35,-125.78,-121.16,-128.51,-123.61,-123.89,-123.19,-122.81,-122.81,-123.40,-122.11,-119.13,-121.20,-121.79,-118.01,-117.35,-117.03,-118.01,-118.40,-118.22,-122.53,-120.11,-124.42,-121.48,-128.97,-131.00,-129.56,-131.21,-130.19,-133.17,-134.78,-134.25,-138.42,-135.72,-136.32,-137.72,-140.62,-145.77,-148.50,-146.75,-146.64,-151.54,-151.26,-148.39,-153.43,-148.15,-152.21,-150.46,-149.62,-148.74,-149.97,-153.78,-150.28,-153.15,-155.92,-151.47,-152.94,-150.95,-152.84,-149.34,-150.49,-152.42,-151.72,-150.77,-151.79,-150.95,-153.19,-153.89,-150.63,-154.10,-150.98,-148.39,-150.00,-150.74,-151.19,-151.96,-147.20,-148.99,-149.13,-144.86,-148.64,-146.29,-146.57,-145.98,-148.50,-145.07,-144.58,-147.97,-143.49,-147.38
-108.70,-110.21,-112.31,-110.94,-112.13,-111.64,-113.71,-106.71,-97.96,-89.87,-88.61,-88.72,-86.58,-89.80,-88.09,-88.65,-90.75,-92.25,-90.26,-89.31,-92.36,-91.17,-93.37,-90.50,-91.52,-91.66,-90.99,-92.29,-97.05,-93.93,-91.06,-91.55,-94.77,-94.07,-90.36,-89.63,-93.55,-90.85,-92.08,-91.59,-91.90,-93.44,-91.45,-92.11,-89.31,-88.82,-88.40,-94.21,-94.77,-94.95,-100.09,-99.39,-100.41,-101.77,-98.69,-103.10,-102.09,-108.56,-112.31,-112.03,-117.14,-118.19,-120.74,-120.85,-123.58,-126.80,-131.66,-132.12,-133.59,-132.82,-131.28,-136.74,-136.95,-139.71,-136.81,-135.65,-133.41,-135.44,-134.46,-137.65,-137.16,-135.76,-131.56,-138.07,-135.83,-133.59,-134.11,-135.13,-135.30,-134.25,-137.30,-135.48,-139.64,-139.82,-142.51,-142.37,-143.32,-145.35,-142.06,-144.40,-148.15,-146.22,-143.39,-143.84,-144.72,-140.80,-146.71,-143.88,-150.21,-145.94,-150.04,-148.18,-144.05,-146.82,-148.15,-149.02,-149.83,-152.59,-150.35,-151.33,-149.23,-154.20,-151.44,-153.33,-154.90,-153.01,-151.30,-152.10,-152.63,-150.14,-153.08,-152.03,-150.74,-150.74,-153.36,-151.58,-151.68,-152.73,-150.11,-153.89,-151.79,-150.04,-151.02,-150.00,-149.93,-150.88,-147.52,-144.33,-148.36,-145.70,-147.73,-149.06,-147.83,-143.49,-144.65,-144.89,-141.43,-145.17,-144.19,-144.65
-108.60,-111.05,-111.15,-114.30,-115.95,-115.21,-121.16,-117.77,-114.65,-112.94,-99.11,-96.28,-94.25,-92.18,-92.53,-92.04,-94.18,-89.52,-94.98,-92.25,-91.20,-91.38,-93.13,-92.99,-92.78,-89.84,-89.00,-91.45,-91.59,-93.09,-89.31,-90.82,-93.55,-92.81,-91.90,-92.18,-96.42,-91.94,-91.13,-92.25,-89.35,-92.04,-91.13,-90.26,-89.31,-89.24,-89.70,-92.18,-92.22,-94.63,-101.49,-103.94,-109.19,-107.65,-109.75,-113.71,-118.05,-121.48,-125.64,-131.98,-127.57,-130.86,-131.28,-136.21,-137.44,-136.88,-139.43,-141.95,-138.24,-140.52,-139.26,-137.09,-140.90,-140.87,-141.04,-140.13,-139.43,-141.53,-144.72,-140.55,-142.69,-142.23,-140.94,-145.59,-145.28,-142.44,-142.09,-144.05,-142.79,-142.48,-145.98,-141.81,-142.13,-140.45,-146.05,-146.01,-145.94,-142.55,-144.30,-145.94,-150.88,-145.59,-151.23,-145.52,-145.21,-144.44,-147.80,-148.43,-149.65,-146.54,-145.98,-144.19,-144.68,-144.19,-149.30,-146.96,-147.83,-152.07,-147.34,-151.02,-147.76,-153.57,-151.19,-151.61,-152.63,-151.58,-150.74,-152.49,-149.48,-148.57,-153.12,-151.61,-150.39,-151.54,-150.77,-152.10,-149.51,-151.23,-149.62,-152.91,-150.56,-146.96,-152.77,-147.17,-147.45,-147.41,-145.98,-147.83,-147.62,-148.67,-146.01,-148.25,-143.67,-143.74,-142.37,-144.30,-143.49,-140.94,-140.62,-141.43
-112.10,-114.58,-115.63,-116.51,-116.72,-117.94,-118.22,-121.58,-119.41,-121.13,-116.58,-114.86,-105.55,-96.14,-94.11,-92.67,-92.85,-93.06,-93.51,-90.40,-93.06,-91.10,-92.95,-93.06,-92.43,-90.47,-88.05,-89.70,-92.71,-91.48,-91.48,-90.61,-92.81,-95.68,-90.08,-91.69,-92.95,-90.61,-91.66,-93.41,-91.59,-90.75,-88.86,-90.47,-88.79,-89.94,-88.65,-91.87,-95.61,-99.95,-108.49,-114.72,-121.13,-125.96,-128.93,-129.07,-134.88,-136.14,-138.07,-135.69,-137.19,-139.57,-138.52,-139.64,-137.33,-139.33,-140.10,-142.41,-140.66,-136.21,-139.33,-137.19,-142.69,-142.30,-141.50,-143.81,-140.10,-140.94,-143.46,-144.33,-141.78,-143.14,-140.59,-145.21,-142.30,-143.32,-142.72,-142.16,-144.47,-143.63,-144.68,-144.23,-143.32,-139.01,-144.72,-145.24,-146.99,-147.94,-144.05,-145.42,-144.61,-145.80,-148.18,-143.18,-145.52,-143.11,-149.37,-146.29,-147.59,-147.38,-145.70,-148.39,-150.11,-146.01,-149.76,-146.43,-150.56,-149.37,-149.27,-148.60,-150.35,-148.36,-149.37,-149.90,-154.80,-152.17,-151.37,-150.77,-151.40,-152.87,-152.98,-149.62,-147.48,-149.65,-151.09,-151.37,-152.45,-152.42,-145.14,-150.25,-145.70,-149.27,-151.86,-150.25,-147.97,-148.74,-146.75,-145.80,-147.52,-142.51,-146.47,-144.79,-147.80,-145.14,-145.66,-144.89,-146.47,-144.19,-141.71,-138.10
-110.56,-112.87,-113.85,-115.95,-116.68,-116.58,-119.80,-117.00,-120.43,-123.58,-123.30,-119.90,-117.10,-110.07,-100.93,-92.95,-93.30,-90.57,-89.28,-89.00,-91.76,-90.29,-94.74,-92.15,-91.41,-90.96,-91.27,-92.08,-92.22,-92.18,-88.16,-89.14,-91.83,-92.50,-91.83,-91.06,-89.24,-90.50,-88.05,-90.12,-90.89,-90.57,-87.84,-90.82,-90.26,-89.07,-90.57,-93.55,-96.49,-106.46,-121.27,-129.07,-133.69,-134.60,-135.58,-134.60,-133.20,-135.72,-138.77,-139.15,-137.26,-141.01,-137.33,-140.41,-140.10,-138.77,-139.33,-143.11,-140.87,-140.41,-142.23,-141.01,-140.41,-147.03,-142.83,-140.55,-138.45,-143.49,-140.31,-143.07,-142.37,-143.88,-147.62,-147.34,-141.92,-142.20,-144.09,-141.88,-143.11,-145.28,-145.21,-146.40,-142.06,-145.80,-146.82,-146.68,-146.15,-148.67,-145.77,-147.03,-146.75,-149.13,-146.99,-150.32,-148.32,-147.06,-147.38,-150.56,-147.45,-150.32,-144.54,-150.39,-149.20,-147.48,-153.75,-144.16,-149.90,-150.84,-149.65,-147.94,-153.29,-149.48,-152.42,-153.64,-153.33,-154.97,-151.12,-154.59,-151.33,-149.69,-153.05,-146.50,-151.47,-149.83,-153.36,-151.26,-151.02,-151.51,-148.15,-149.20,-148.46,-150.77,-150.60,-148.60,-148.99,-149.41,-145.21,-146.57,-149.62,-149.41,-150.81,-150.11,-148.74,-148.11,-144.26,-140.06,-143.42,-140.59,-142.86,-142.34
-112.27,-113.18,-113.67,-113.15,-119.27,-116.51,-122.39,-119.59,-121.23,-125.29,-120.50,-124.45,-120.57,-117.91,-112.13,-102.37,-98.24,-92.88,-93.30,-92.22,-91.27,-91.34,-92.71,-91.73,-90.75,-88.47,-89.17,-90.89,-93.51,-93.06,-88.93,-91.20,-93.13,-93.23,-90.99,-92.92,-93.27,-92.25,-91.48,-93.58,-90.57,-89.17,-90.08,-89.35,-88.19,-90.61,-88.72,-94.14,-101.91,-113.36,-126.97,-132.47,-137.79,-134.18,-137.79,-138.98,-138.91,-140.13,-140.87,-135.44,-138.73,-141.01,-138.31,-142.20,-137.93,-136.14,-141.95,-145.70,-137.37,-141.08,-144.09,-142.48,-139.19,-144.33,-142.06,-140.80,-144.19,-143.32,-142.79,-146.68,-145.45,-145.70,-143.84,-145.63,-142.13,-143.49,-146.19,-144.75,-146.57,-143.60,-144.79,-147.80,-144.79,-144.86,-146.05,-147.73,-145.42,-146.15,-144.79,-145.52,-147.03,-149.02,-148.64,-144.37,-146.89,-146.08,-149.23,-147.31,-150.91,-149.65,-147.45,-151.89,-148.11,-148.36,-149.48,-146.96,-148.67,-149.65,-149.72,-147.69,-152.91,-148.88,-152.98,-154.03,-152.80,-151.09,-155.15,-153.22,-154.03,-149.23,-152.80,-151.86,-150.63,-151.09,-154.41,-149.37,-150.63,-151.61,-147.62,-148.67,-149.58,-149.72,-147.06,-150.35,-147.66,-146.85,-148.39,-145.77,-148.25,-146.89,-147.34,-149.27,-147.90,-147.10,-143.25,-142.76,-140.17,-142.20,-140.87,-140.73
-111.05,-112.38,-114.58,-116.23,-115.84,-117.52,-121.76,-119.03,-121.41,-125.78,-121.58,-121.93,-122.63,-121.62,-118.22,-115.98,-106.53,-95.23,-95.86,-92.88,-89.28,-92.08,-92.50,-92.15,-89.35,-87.07,-88.23,-91.76,-92.46,-92.78,-88.68,-87.53,-90.12,-91.94,-93.79,-90.92,-92.15,-89.80,-88.33,-90.82,-90.71,-86.86,-87.11,-86.86,-88.75,-87.60,-84.62,-92.04,-102.02,-118.08,-133.48,-137.65,-136.46,-132.61,-137.58,-136.63,-137.16,-136.53,-143.28,-139.78,-136.07,-138.03,-139.61,-139.57,-139.26,-139.61,-136.25,-141.85,-139.96,-140.73,-140.94,-139.78,-138.42,-142.06,-145.42,-143.84,-144.68,-144.16,-143.39,-142.48,-143.53,-145.28,-145.28,-143.81,-144.61,-143.84,-145.70,-146.82,-148.60,-147.73,-148.95,-146.89,-144.16,-144.05,-145.66,-148.60,-146.05,-144.47,-144.54,-145.59,-144.75,-147.13,-147.69,-146.68,-146.57,-146.75,-147.97,-148.99,-150.04,-151.19,-147.76,-149.48,-150.84,-150.21,-153.33,-147.45,-148.50,-148.88,-149.76,-149.93,-152.07,-149.83,-154.06,-157.88,-152.91,-153.75,-153.78,-152.38,-151.54,-152.84,-154.69,-149.41,-151.72,-149.65,-148.78,-150.91,-148.67,-148.92,-148.74,-151.72,-150.53,-151.05,-147.97,-146.68,-147.03,-147.73,-146.78,-143.53,-145.63,-150.28,-150.95,-143.39,-145.07,-142.02,-147.52,-144.44,-144.51,-142.51,-140.90,-142.55
-107.79,-115.11,-115.46,-114.30,-116.96,-117.10,-122.35,-120.04,-121.16,-124.24,-121.76,-121.83,-120.25,-121.83,-124.45,-120.74,-115.91,-108.74,-100.44,-95.37,-88.72,-89.70,-88.89,-90.47,-90.33,-90.05,-86.97,-88.72,-89.70,-89.17,-85.74,-87.46,-85.95,-91.52,-86.65,-91.27,-92.85,-88.86,-89.59,-87.77,-89.56,-86.76,-85.25,-86.62,-86.83,-87.28,-86.83,-93.41,-102.96,-124.77,-134.29,-132.78,-135.44,-137.51,-137.33,-136.84,-137.86,-137.05,-140.13,-138.00,-136.67,-137.02,-140.38,-137.09,-136.95,-138.91,-137.51,-145.35,-136.21,-140.59,-141.53,-141.11,-140.20,-144.23,-145.94,-140.17,-144.65,-142.55,-141.25,-140.80,-143.56,-144.12,-145.66,-143.07,-144.02,-143.95,-144.09,-144.75,-144.16,-144.75,-147.06,-144.05,-142.79,-145.80,-144.86,-144.26,-146.82,-143.11,-130.05,-143.46,-147.45,-150.14,-148.50,-145.98,-148.71,-146.22,-147.94,-149.51,-149.44,-152.73,-143.91,-152.84,-149.02,-149.06,-151.05,-149.55,-148.99,-149.41,-148.95,-147.59,-149.48,-150.91,-146.68,-151.33,-151.12,-153.96,-151.82,-151.86,-147.34,-154.48,-157.00,-148.74,-150.88,-151.40,-153.75,-151.02,-148.71,-152.84,-149.69,-149.79,-149.41,-145.77,-146.43,-146.36,-147.66,-145.14,-145.91,-146.47,-146.22,-149.44,-147.48,-147.52,-147.94,-147.76,-144.02,-141.71,-141.88,-145.03,-140.76,-142.90
-111.71,-113.81,-111.71,-113.64,-114.23,-117.07,-118.92,-119.80,-119.45,-120.67,-123.75,-120.85,-122.07,-124.31,-124.42,-124.38,-120.95,-116.68,-113.18,-100.86,-94.95,-90.47,-92.81,-88.68,-86.79,-91.66,-88.93,-87.95,-93.55,-90.01,-88.02,-88.93,-87.21,-87.88,-90.33,-89.42,-90.05,-89.17,-88.05,-89.84,-87.98,-89.70,-87.32,-86.90,-87.39,-86.97,-89.98,-96.59,-104.43,-119.83,-131.00,-136.21,-138.03,-134.15,-135.58,-138.28,-137.79,-136.77,-137.68,-137.75,-135.76,-140.31,-139.71,-138.77,-140.90,-141.15,-140.06,-142.69,-138.63,-141.29,-143.91,-142.37,-141.60,-144.19,-142.34,-140.83,-142.44,-140.76,-141.71,-141.08,-143.84,-144.79,-142.37,-142.34,-139.36,-140.76,-144.75,-144.51,-145.17,-142.76,-143.42,-148.43,-145.66,-148.29,-146.89,-147.06,-145.70,-146.47,-143.46,-143.84,-145.21,-146.61,-147.76,-146.47,-146.99,-146.61,-148.01,-146.82,-149.48,-149.23,-148.81,-148.71,-151.26,-149.09,-147.73,-149.93,-148.92,-150.53,-151.40,-146.57,-148.43,-149.16,-148.92,-151.05,-148.78,-152.38,-148.15,-149.37,-152.59,-149.44,-153.99,-148.46,-148.88,-151.96,-151.96,-148.04,-150.70,-153.05,-150.11,-151.02,-149.51,-148.43,-151.33,-148.71,-147.17,-149.27,-145.14,-145.38,-150.35,-147.52,-149.72,-148.11,-144.86,-147.59,-144.44,-142.58,-141.08,-143.53,-142.02,-140.66
-109.19,-112.52,-115.07,-114.58,-114.65,-118.01,-117.70,-118.99,-121.93,-123.16,-121.62,-124.21,-122.63,-123.33,-124.42,-124.24,-126.34,-123.72,-123.16,-117.10,-105.76,-97.96,-93.37,-91.55,-91.06,-90.12,-89.70,-85.74,-91.41,-90.40,-87.95,-86.09,-88.37,-90.99,-91.27,-90.36,-89.73,-89.77,-87.77,-89.66,-91.48,-88.75,-85.85,-88.86,-90.12,-88.47,-86.51,-91.38,-97.75,-112.55,-124.80,-128.09,-137.58,-136.14,-138.21,-139.08,-138.70,-136.60,-138.59,-137.02,-135.41,-137.05,-136.77,-138.87,-140.69,-138.49,-139.71,-142.76,-140.52,-141.01,-142.72,-140.55,-142.41,-145.98,-142.20,-143.60,-146.22,-141.99,-139.22,-141.57,-142.23,-141.22,-142.79,-143.84,-141.08,-144.47,-141.88,-143.53,-144.33,-144.47,-142.65,-144.96,-142.34,-145.63,-145.42,-148.64,-145.70,-144.93,-144.51,-144.96,-145.45,-144.93,-146.22,-145.24,-149.41,-139.75,-144.54,-148.25,-150.77,-150.49,-145.49,-150.07,-150.98,-146.61,-147.87,-145.28,-149.69,-150.81,-148.81,-151.61,-146.47,-148.11,-148.08,-149.48,-151.79,-151.26,-148.53,-151.40,-148.67,-151.68,-149.86,-148.99,-146.75,-145.63,-148.60,-152.24,-147.03,-148.11,-150.25,-150.35,-147.31,-148.60,-149.20,-148.46,-147.83,-148.46,-145.84,-147.38,-147.27,-148.67,-148.71,-146.29,-147.62,-146.64,-146.78,-143.88,-142.83,-143.14,-142.20,-139.61
-109.79,-114.58,-112.69,-116.72,-117.21,-115.35,-119.87,-118.26,-121.27,-121.79,-121.58,-122.39,-121.30,-122.60,-123.75,-124.66,-124.49,-123.05,-122.21,-120.36,-119.83,-110.80,-102.26,-96.24,-90.75,-85.92,-89.45,-89.98,-91.66,-88.96,-88.54,-89.28,-89.35,-92.78,-90.54,-88.61,-92.08,-88.37,-89.42,-86.27,-88.30,-87.32,-89.52,-88.40,-88.65,-87.32,-88.68,-91.45,-97.29,-102.58,-110.10,-117.84,-129.49,-127.85,-135.90,-136.32,-137.75,-136.07,-138.70,-136.95,-137.51,-137.30,-135.86,-140.27,-139.36,-136.98,-138.59,-141.11,-139.68,-140.20,-140.83,-142.58,-138.35,-142.93,-143.46,-138.73,-142.41,-139.08,-142.76,-140.27,-141.29,-141.57,-142.16,-142.51,-141.95,-141.57,-142.16,-145.24,-144.61,-143.95,-141.01,-142.09,-143.49,-142.30,-146.82,-140.87,-145.24,-143.46,-143.25,-143.56,-145.91,-147.31,-147.55,-145.91,-145.45,-145.63,-146.47,-147.41,-148.92,-149.65,-146.01,-149.76,-146.33,-148.85,-148.81,-145.77,-147.59,-148.43,-149.97,-147.20,-143.56,-148.36,-150.60,-152.70,-152.87,-149.62,-150.84,-151.26,-149.27,-150.32,-153.19,-149.90,-148.32,-146.85,-142.09,-148.32,-146.22,-151.47,-145.98,-146.36,-148.15,-148.32,-150.42,-147.55,-145.77,-147.76,-145.70,-146.82,-145.35,-148.53,-147.48,-144.44,-144.02,-145.31,-141.01,-145.45,-143.07,-144.54,-139.01,-138.52
-107.93,-112.17,-114.69,-115.81,-112.45,-116.89,-116.75,-118.89,-119.38,-122.07,-120.32,-121.62,-121.90,-121.79,-125.12,-124.70,-126.48,-124.91,-124.21,-124.03,-123.54,-120.81,-115.42,-101.74,-95.23,-88.75,-89.52,-88.65,-90.36,-88.86,-91.34,-90.78,-89.87,-87.95,-88.47,-86.55,-86.23,-87.04,-89.63,-91.13,-92.08,-87.00,-89.38,-88.96,-90.05,-86.16,-89.66,-93.83,-92.15,-95.23,-98.83,-106.99,-116.47,-121.30,-126.76,-132.08,-134.60,-136.04,-136.32,-139.19,-136.98,-135.23,-137.23,-137.75,-139.47,-139.19,-138.56,-140.06,-141.95,-139.50,-140.87,-139.85,-140.66,-141.25,-142.30,-143.53,-139.68,-139.01,-138.17,-141.08,-138.14,-140.34,-145.56,-142.48,-142.62,-141.92,-141.01,-144.23,-141.08,-139.78,-142.23,-142.58,-138.31,-144.51,-147.38,-145.80,-140.10,-140.45,-141.64,-142.27,-143.95,-143.11,-147.38,-142.09,-144.68,-143.91,-148.67,-147.69,-148.46,-149.79,-146.15,-149.58,-153.40,-145.84,-146.99,-146.64,-150.67,-150.60,-148.53,-146.15,-148.29,-151.09,-148.99,-149.86,-153.12,-150.39,-147.76,-151.05,-151.82,-151.37,-146.68,-147.97,-147.90,-148.22,-148.01,-147.69,-148.53,-151.40,-150.67,-150.07,-148.18,-147.03,-149.20,-150.07,-143.88,-152.73,-147.45,-146.99,-148.50,-146.19,-146.64,-144.40,-141.81,-147.13,-144.16,-143.46,-144.19,-143.42,-141.53,-139.82
-108.35,-109.61,-112.73,-115.53,-116.89,-115.98,-120.11,-119.97,-120.46,-120.92,-118.64,-122.77,-124.35,-125.26,-126.10,-123.61,-124.98,-123.68,-124.07,-124.24,-126.10,-122.81,-120.67,-116.37,-108.35,-94.35,-92.29,-90.89,-93.06,-88.30,-88.89,-88.02,-89.94,-92.32,-90.47,-87.77,-89.98,-89.91,-90.89,-92.08,-86.13,-90.54,-86.16,-86.55,-89.49,-89.35,-86.83,-90.19,-92.60,-94.14,-97.12,-96.80,-105.76,-109.05,-115.46,-121.55,-127.88,-131.84,-137.93,-134.04,-133.87,-138.14,-135.16,-137.09,-136.63,-138.63,-141.60,-138.98,-141.08,-141.85,-139.43,-138.84,-137.93,-139.43,-140.87,-138.66,-142.51,-139.47,-138.77,-142.37,-141.15,-142.65,-143.81,-144.19,-137.12,-140.62,-145.31,-139.85,-144.02,-137.09,-143.42,-145.35,-143.35,-142.09,-143.56,-141.60,-142.02,-144.16,-142.65,-144.86,-144.58,-145.31,-146.29,-147.17,-143.39,-142.44,-148.36,-148.78,-146.05,-146.47,-145.42,-147.97,-148.50,-146.82,-149.37,-145.56,-149.62,-150.60,-148.71,-146.64,-147.97,-147.62,-148.46,-148.29,-147.55,-148.22,-148.29,-148.60,-147.48,-150.39,-149.37,-147.97,-148.60,-145.98,-147.90,-145.77,-149.51,-151.37,-147.80,-150.98,-145.91,-146.78,-147.76,-146.78,-150.74,-147.24,-147.34,-150.39,-146.78,-147.45,-148.67,-141.71,-143.35,-145.14,-144.33,-143.42,-145.45,-139.61,-141.50,-139.12
-109.12,-109.05,-116.05,-111.33,-116.19,-115.18,-117.21,-118.19,-121.09,-123.86,-122.63,-124.56,-123.65,-126.69,-124.77,-125.85,-124.66,-124.59,-126.17,-122.46,-125.82,-125.61,-126.59,-123.79,-121.55,-111.89,-100.76,-95.09,-90.75,-91.31,-90.61,-88.54,-91.10,-91.87,-89.70,-91.59,-89.56,-87.53,-89.94,-90.40,-88.72,-90.29,-88.05,-86.09,-89.77,-91.31,-91.62,-90.40,-92.57,-95.09,-94.28,-95.26,-100.30,-101.84,-102.44,-111.26,-113.04,-121.23,-126.27,-131.14,-132.85,-136.11,-135.76,-139.26,-135.23,-137.37,-137.72,-141.25,-137.54,-137.19,-139.47,-138.59,-136.53,-137.33,-138.59,-139.64,-139.82,-139.33,-140.90,-142.48,-140.03,-142.48,-142.55,-139.78,-141.08,-141.36,-141.88,-139.15,-143.74,-138.63,-143.42,-143.56,-138.10,-139.78,-143.49,-143.81,-141.29,-144.16,-145.45,-145.45,-143.95,-143.84,-145.87,-142.55,-143.81,-142.27,-142.76,-146.36,-147.45,-147.69,-145.66,-149.20,-147.34,-145.59,-147.24,-146.54,-149.30,-147.27,-149.93,-146.68,-147.87,-148.15,-149.83,-151.86,-148.39,-151.61,-147.87,-150.04,-150.35,-149.37,-149.65,-148.67,-149.76,-147.03,-145.14,-148.50,-148.25,-148.46,-148.01,-149.83,-150.00,-147.62,-151.09,-147.59,-145.59,-147.90,-149.76,-145.87,-145.87,-145.35,-143.67,-147.52,-145.24,-140.55,-141.88,-143.07,-144.47,-143.88,-139.54,-139.36
-106.08,-109.93,-108.53,-110.59,-115.91,-116.89,-116.54,-117.91,-117.63,-120.08,-122.56,-118.40,-123.93,-126.73,-124.31,-123.96,-124.94,-122.88,-127.18,-127.53,-126.06,-122.42,-125.50,-124.66,-125.99,-120.29,-116.82,-106.39,-99.67,-95.65,-88.75,-87.53,-91.69,-90.68,-88.44,-93.58,-86.41,-87.49,-90.78,-91.66,-88.44,-91.66,-91.80,-86.34,-90.92,-89.28,-90.08,-90.57,-92.15,-93.09,-93.93,-97.40,-96.87,-98.03,-96.31,-100.65,-100.79,-105.13,-113.99,-119.66,-124.00,-128.16,-130.23,-135.16,-133.10,-135.69,-134.99,-142.06,-140.06,-137.86,-137.54,-138.56,-138.31,-138.91,-140.03,-141.81,-138.70,-138.84,-141.64,-139.50,-141.85,-140.41,-145.42,-141.36,-142.09,-145.66,-143.04,-143.98,-144.51,-139.05,-142.09,-144.30,-140.27,-140.41,-143.46,-144.82,-143.70,-143.39,-143.14,-145.94,-145.21,-147.10,-146.19,-147.31,-147.10,-139.33,-148.46,-146.47,-146.75,-146.71,-145.10,-149.69,-148.25,-146.61,-145.21,-144.44,-147.97,-146.01,-146.64,-148.50,-145.73,-148.92,-147.94,-146.64,-148.67,-148.08,-146.57,-148.32,-150.49,-150.11,-151.40,-148.39,-147.27,-149.58,-150.25,-146.40,-149.02,-151.16,-146.40,-150.42,-148.88,-146.33,-149.41,-147.31,-148.18,-146.50,-149.41,-146.05,-146.85,-147.83,-146.22,-145.59,-142.44,-144.30,-144.19,-141.99,-143.28,-141.46,-140.03,-139.64
-108.98,-109.02,-110.35,-112.06,-115.95,-116.51,-120.85,-118.75,-121.97,-121.90,-124.63,-120.57,-121.44,-124.03,-126.27,-123.96,-124.66,-125.50,-124.42,-126.52,-126.80,-127.95,-125.68,-126.27,-125.89,-122.91,-120.25,-117.42,-111.12,-100.51,-92.18,-89.52,-90.78,-90.89,-85.29,-89.14,-89.28,-86.97,-88.09,-87.56,-91.90,-90.05,-90.89,-92.50,-91.10,-89.59,-89.35,-94.07,-94.11,-93.41,-93.44,-96.21,-99.18,-96.03,-92.39,-95.89,-95.93,-96.52,-101.56,-108.88,-110.31,-116.40,-114.62,-119.83,-123.16,-124.80,-128.55,-132.50,-136.04,-135.30,-135.30,-136.91,-136.84,-136.14,-139.78,-136.98,-138.91,-137.75,-139.54,-140.48,-140.10,-140.31,-142.93,-141.25,-143.21,-141.67,-145.10,-144.09,-144.16,-140.38,-142.02,-140.31,-138.73,-140.87,-142.51,-144.58,-143.88,-142.09,-144.96,-143.53,-145.56,-143.84,-147.80,-145.66,-144.75,-144.12,-148.39,-143.25,-148.04,-147.55,-145.35,-150.39,-149.90,-145.00,-146.85,-149.09,-152.70,-148.71,-144.72,-148.99,-148.53,-145.45,-147.34,-150.18,-149.65,-148.11,-147.20,-149.72,-148.92,-149.06,-149.37,-148.67,-147.55,-147.27,-147.41,-147.34,-145.91,-149.20,-145.56,-149.76,-148.88,-148.67,-146.68,-148.04,-147.06,-149.34,-146.15,-144.65,-147.73,-145.87,-143.00,-144.54,-145.21,-143.91,-141.95,-144.26,-141.85,-142.51,-141.92,-139.47
-104.68,-112.34,-112.48,-111.78,-117.17,-117.17,-121.37,-118.71,-118.99,-121.72,-121.93,-120.85,-120.29,-121.16,-120.99,-125.08,-126.55,-123.30,-126.62,-122.77,-126.52,-127.36,-127.22,-126.87,-126.17,-124.07,-123.40,-123.19,-123.37,-113.08,-104.57,-94.28,-90.54,-91.59,-90.26,-88.61,-90.01,-88.33,-89.66,-89.63,-93.09,-91.27,-89.77,-91.13,-91.97,-88.89,-91.17,-93.65,-92.53,-97.15,-93.41,-92.53,-94.46,-89.52,-92.53,-91.31,-91.69,-93.76,-97.47,-97.68,-93.30,-102.65,-104.29,-104.57,-109.79,-113.01,-115.70,-122.21,-128.13,-131.00,-132.96,-133.97,-134.15,-141.01,-138.28,-136.56,-138.94,-139.15,-141.01,-140.66,-138.63,-141.22,-139.92,-144.37,-141.50,-141.78,-144.19,-142.55,-145.07,-138.80,-144.30,-142.27,-140.90,-137.51,-143.49,-142.13,-141.15,-143.67,-143.74,-140.83,-144.37,-144.26,-143.35,-146.89,-143.32,-145.70,-144.89,-146.40,-146.78,-147.17,-146.40,-146.75,-146.75,-145.52,-146.12,-148.25,-152.98,-147.55,-150.25,-147.69,-150.00,-149.41,-147.83,-148.29,-148.25,-154.83,-148.85,-153.85,-147.06,-149.09,-152.63,-149.16,-149.06,-147.73,-148.60,-146.96,-147.31,-151.72,-148.08,-148.25,-150.14,-147.34,-148.60,-144.37,-145.87,-147.59,-147.38,-145.73,-148.88,-143.42,-144.54,-142.65,-143.56,-140.73,-140.76,-142.55,-142.51,-144.19,-139.68,-140.94
-107.23,-110.98,-112.45,-113.81,-118.61,-117.66,-121.51,-121.48,-123.40,-124.91,-122.91,-121.90,-123.96,-125.12,-126.73,-123.72,-125.19,-125.82,-126.52,-128.62,-126.48,-129.18,-126.87,-129.39,-129.11,-127.95,-128.41,-125.92,-128.72,-126.03,-114.90,-105.03,-99.36,-94.91,-89.80,-92.57,-92.99,-87.63,-87.14,-89.70,-91.10,-89.28,-90.50,-89.49,-95.72,-89.98,-90.47,-94.63,-90.57,-93.76,-92.32,-91.80,-94.98,-96.31,-90.99,-93.06,-94.14,-91.45,-94.70,-93.34,-94.21,-99.08,-97.71,-97.12,-100.83,-101.49,-105.83,-110.73,-112.38,-121.51,-120.99,-133.80,-137.54,-139.57,-136.56,-138.35,-138.21,-134.74,-137.79,-138.31,-138.45,-136.70,-140.80,-140.62,-144.16,-142.44,-142.90,-141.74,-143.04,-139.15,-141.43,-143.07,-141.22,-141.11,-141.81,-144.23,-142.34,-145.00,-144.65,-141.81,-144.75,-144.58,-145.52,-143.60,-145.35,-143.28,-146.78,-144.68,-148.22,-147.73,-144.75,-148.43,-148.39,-145.42,-146.01,-146.54,-147.66,-149.06,-147.87,-148.57,-147.97,-146.82,-147.27,-149.65,-147.55,-147.69,-146.78,-145.63,-148.22,-154.55,-151.54,-150.14,-145.07,-147.52,-147.10,-148.60,-145.70,-147.73,-149.41,-149.97,-148.64,-150.56,-148.50,-144.72,-150.11,-146.05,-144.61,-144.96,-147.17,-145.14,-145.87,-142.48,-145.14,-141.95,-142.20,-143.11,-143.70,-139.54,-138.63,-137.89
-108.04,-110.84,-113.92,-113.57,-116.96,-117.66,-117.17,-120.57,-119.27,-121.72,-121.62,-123.58,-124.63,-124.38,-125.22,-126.13,-124.10,-124.10,-127.95,-127.15,-124.73,-128.34,-130.12,-129.60,-129.67,-127.36,-126.69,-126.73,-127.95,-123.93,-122.98,-117.91,-113.32,-103.21,-94.04,-90.92,-93.62,-88.12,-89.70,-90.75,-91.52,-91.73,-89.63,-93.41,-92.29,-93.93,-91.62,-91.59,-89.87,-93.93,-92.22,-91.73,-94.32,-94.70,-92.53,-92.74,-91.31,-88.82,-94.63,-93.86,-94.60,-94.56,-95.82,-97.01,-98.17,-96.84,-97.68,-102.65,-103.80,-110.66,-114.58,-125.50,-130.86,-136.25,-139.75,-138.03,-140.06,-135.86,-140.52,-139.75,-138.10,-141.78,-137.93,-144.47,-136.00,-137.89,-141.71,-141.11,-141.39,-142.93,-145.35,-139.71,-141.95,-140.90,-140.66,-145.84,-144.30,-144.51,-145.31,-141.29,-145.38,-146.71,-142.58,-143.42,-143.28,-141.81,-146.64,-143.70,-146.47,-143.88,-144.86,-146.22,-145.80,-147.17,-145.84,-144.75,-148.22,-149.62,-148.50,-145.00,-146.61,-149.83,-145.45,-147.87,-147.03,-151.30,-152.59,-149.13,-148.43,-148.60,-148.85,-148.46,-147.97,-146.64,-148.46,-149.72,-147.66,-147.03,-150.28,-148.29,-147.31,-140.10,-146.75,-148.53,-148.67,-144.68,-148.46,-142.97,-148.64,-144.89,-143.04,-143.81,-142.65,-142.86,-141.22,-143.70,-143.60,-141.11,-138.63,-136.67
-111.75,-113.46,-112.66,-115.56,-117.24,-115.88,-119.41,-120.57,-123.89,-124.91,-121.16,-124.77,-124.98,-123.65,-127.78,-123.86,-125.54,-126.31,-126.48,-126.73,-123.82,-124.28,-129.14,-128.41,-128.30,-123.79,-126.31,-128.79,-127.92,-126.62,-125.78,-125.33,-123.89,-116.37,-105.62,-96.45,-96.98,-88.68,-92.46,-93.55,-89.87,-91.38,-90.82,-93.16,-92.04,-90.33,-95.12,-94.14,-93.72,-92.36,-95.82,-93.41,-93.97,-95.86,-91.62,-93.09,-88.96,-91.27,-95.96,-91.80,-93.62,-95.61,-92.29,-100.06,-98.59,-98.27,-98.10,-103.21,-98.45,-102.86,-107.79,-115.77,-120.95,-133.31,-137.37,-139.43,-138.98,-133.90,-139.43,-139.50,-140.48,-140.52,-139.96,-139.99,-140.17,-142.58,-140.31,-140.80,-140.45,-142.09,-142.93,-143.70,-140.90,-139.64,-142.37,-141.60,-143.60,-142.79,-144.40,-143.04,-147.24,-144.09,-143.21,-143.77,-141.92,-142.16,-148.22,-145.59,-146.36,-142.69,-145.87,-145.17,-144.86,-141.88,-144.33,-145.91,-144.51,-149.02,-146.50,-149.79,-145.49,-149.13,-146.64,-147.94,-149.62,-147.90,-146.96,-150.46,-146.75,-150.49,-146.19,-145.28,-147.83,-147.03,-146.54,-145.56,-147.76,-149.51,-147.76,-145.70,-147.59,-144.30,-147.87,-145.42,-145.66,-146.26,-142.62,-147.10,-148.04,-144.89,-144.82,-143.88,-142.48,-142.51,-143.00,-139.36,-138.17,-142.27,-140.52,-134.67
-109.33,-113.88,-113.22,-113.99,-120.04,-115.39,-118.54,-122.14,-122.14,-121.58,-122.53,-122.98,-121.13,-123.51,-127.53,-126.41,-124.52,-126.31,-127.11,-129.70,-123.61,-127.15,-126.45,-125.64,-128.27,-126.17,-127.11,-126.52,-128.86,-130.68,-125.61,-127.43,-126.13,-124.45,-120.74,-112.73,-106.32,-99.32,-95.58,-96.03,-92.85,-94.04,-91.94,-96.45,-92.85,-97.36,-94.18,-90.01,-94.39,-91.97,-92.36,-95.65,-94.88,-93.20,-90.99,-90.75,-92.32,-91.48,-93.58,-95.51,-91.38,-97.92,-95.51,-97.50,-97.19,-98.76,-97.36,-101.81,-100.93,-97.19,-105.20,-105.76,-111.47,-124.21,-131.35,-133.48,-137.72,-133.94,-140.90,-140.73,-142.79,-142.83,-138.91,-142.30,-139.33,-138.31,-140.48,-137.33,-139.12,-138.66,-140.94,-143.07,-139.61,-141.95,-145.24,-146.19,-142.72,-147.83,-140.69,-142.41,-143.77,-145.17,-146.40,-143.07,-143.74,-141.67,-147.45,-142.34,-145.24,-146.47,-144.93,-147.06,-146.89,-145.17,-147.48,-143.74,-145.91,-147.31,-142.55,-146.22,-142.76,-145.66,-147.52,-148.25,-146.43,-146.40,-146.75,-149.55,-147.80,-148.04,-149.41,-148.81,-148.67,-144.30,-148.50,-145.31,-145.91,-153.29,-145.80,-146.78,-143.67,-146.01,-145.45,-144.86,-143.74,-147.41,-145.31,-144.65,-144.12,-145.80,-146.05,-143.53,-141.64,-141.01,-139.50,-139.05,-138.87,-141.11,-138.98,-137.82
-109.72,-112.06,-110.00,-114.16,-118.89,-114.30,-120.53,-117.07,-119.94,-121.90,-120.50,-122.42,-123.12,-124.21,-127.78,-123.96,-128.58,-126.27,-124.77,-124.84,-126.06,-127.78,-126.90,-125.57,-128.93,-123.33,-125.82,-126.45,-132.36,-128.51,-128.30,-127.18,-127.29,-130.54,-127.04,-121.86,-119.83,-111.68,-107.69,-103.66,-106.85,-101.91,-96.45,-98.13,-99.92,-94.42,-93.72,-94.28,-95.75,-94.04,-92.29,-93.93,-94.56,-93.83,-91.52,-94.21,-91.62,-94.70,-93.41,-97.22,-90.50,-96.84,-96.21,-99.81,-95.44,-95.51,-94.00,-100.86,-99.43,-99.39,-99.85,-102.05,-105.52,-113.39,-121.06,-127.57,-136.56,-138.21,-141.01,-137.75,-140.06,-140.55,-139.89,-139.89,-139.61,-138.77,-142.09,-137.72,-139.61,-142.58,-140.80,-141.60,-139.82,-141.53,-143.18,-144.05,-141.15,-144.30,-142.62,-146.05,-146.33,-144.33,-147.45,-140.94,-142.44,-139.85,-144.72,-144.05,-140.62,-142.02,-146.26,-146.26,-147.13,-147.13,-146.05,-144.79,-146.75,-147.10,-146.12,-144.47,-145.10,-145.28,-147.31,-149.65,-144.82,-145.87,-147.31,-146.96,-145.73,-147.34,-150.18,-146.12,-147.45,-146.61,-145.52,-145.07,-143.81,-149.23,-146.64,-146.36,-147.24,-145.73,-144.02,-148.32,-144.79,-144.54,-143.00,-142.34,-142.30,-144.33,-144.75,-141.99,-143.04,-140.24,-139.29,-141.78,-141.60,-136.60,-138.87,-136.63
-107.13,-110.42,-112.20,-111.43,-116.30,-117.38,-115.84,-118.54,-118.47,-123.40,-120.50,-124.45,-124.45,-121.90,-124.77,-126.06,-126.06,-125.89,-124.56,-124.63,-127.25,-126.90,-126.38,-126.83,-126.41,-126.24,-127.53,-128.86,-129.04,-129.11,-125.19,-125.85,-129.42,-132.08,-130.54,-128.51,-129.11,-124.49,-123.09,-118.89,-116.75,-116.51,-113.78,-110.84,-106.36,-103.59,-101.28,-98.48,-96.42,-94.77,-92.43,-91.69,-93.02,-94.53,-91.52,-91.06,-92.64,-93.69,-95.09,-90.54,-91.48,-92.25,-92.99,-93.30,-94.14,-94.88,-93.76,-99.50,-97.29,-97.22,-101.46,-98.66,-99.64,-109.12,-114.16,-120.29,-129.42,-132.78,-141.92,-136.18,-139.40,-141.78,-141.64,-142.09,-138.31,-139.96,-143.46,-139.89,-143.60,-139.64,-145.14,-140.69,-140.94,-139.92,-143.42,-144.51,-143.98,-145.42,-142.37,-143.95,-145.14,-145.28,-143.53,-142.65,-142.90,-139.85,-142.34,-147.27,-145.17,-143.00,-143.81,-146.64,-144.26,-143.81,-146.15,-142.41,-143.84,-145.35,-145.35,-146.85,-145.52,-148.92,-146.85,-147.17,-147.31,-149.55,-148.53,-151.23,-147.38,-150.46,-146.96,-149.16,-147.13,-147.55,-147.87,-147.10,-146.85,-147.20,-144.51,-143.25,-146.19,-140.03,-144.86,-141.95,-145.52,-143.21,-144.16,-142.69,-144.19,-146.40,-144.82,-142.44,-144.05,-143.91,-144.02,-140.80,-140.59,-139.01,-137.51,-139.61
-108.07,-112.69,-112.24,-112.03,-115.32,-114.58,-119.31,-119.38,-118.36,-121.58,-119.55,-119.80,-121.93,-122.25,-125.01,-123.37,-125.19,-122.70,-124.91,-125.01,-125.29,-123.44,-128.41,-130.23,-125.43,-122.98,-125.15,-127.18,-125.75,-125.92,-128.69,-125.26,-126.62,-132.85,-130.51,-131.35,-128.13,-124.49,-129.70,-126.97,-127.46,-124.31,-123.12,-122.11,-116.33,-115.49,-112.62,-108.14,-104.43,-100.20,-96.70,-94.98,-96.98,-95.16,-90.26,-93.83,-92.60,-94.46,-92.04,-90.92,-91.03,-89.66,-93.34,-93.06,-93.37,-96.35,-94.95,-96.80,-95.86,-96.70,-96.80,-93.97,-97.05,-98.59,-102.75,-110.77,-118.68,-128.20,-135.44,-139.40,-140.03,-140.03,-138.77,-137.05,-137.96,-138.28,-139.89,-139.36,-142.72,-140.34,-141.46,-138.63,-139.08,-140.76,-139.50,-142.16,-143.07,-141.71,-142.72,-144.30,-144.12,-145.28,-141.22,-138.07,-144.26,-141.78,-142.79,-144.30,-143.63,-142.23,-141.29,-145.35,-147.59,-143.60,-144.47,-143.84,-144.93,-147.73,-143.11,-145.03,-145.77,-145.03,-145.00,-147.03,-149.65,-149.51,-146.26,-145.70,-147.73,-148.36,-148.43,-145.77,-144.61,-146.29,-144.51,-146.89,-145.28,-144.65,-144.65,-143.91,-144.93,-145.03,-144.96,-144.05,-143.53,-143.14,-145.59,-141.85,-148.18,-144.47,-143.56,-141.64,-143.84,-142.62,-145.45,-144.12,-142.30,-140.80,-140.80,-138.17
-109.16,-112.17,-109.30,-111.36,-115.63,-113.64,-120.88,-120.46,-120.85,-119.55,-118.54,-120.15,-120.39,-123.58,-123.05,-124.91,-124.49,-124.38,-124.45,-124.87,-125.99,-124.00,-126.66,-128.13,-126.69,-122.07,-125.92,-128.16,-131.38,-129.95,-125.01,-129.21,-125.08,-131.21,-130.37,-128.76,-131.03,-125.26,-127.85,-127.01,-126.80,-128.93,-130.54,-127.81,-127.22,-126.41,-123.75,-121.72,-116.40,-117.94,-110.38,-105.66,-104.57,-96.35,-101.04,-93.34,-93.13,-90.54,-93.86,-92.22,-90.33,-91.66,-93.44,-91.76,-94.74,-94.46,-93.20,-95.65,-96.42,-94.56,-98.24,-95.61,-96.80,-100.93,-99.74,-106.43,-114.79,-122.00,-132.75,-137.37,-141.08,-140.45,-139.05,-141.08,-138.10,-136.28,-140.13,-137.79,-138.73,-142.13,-141.39,-139.92,-139.05,-143.70,-143.25,-142.37,-143.63,-141.08,-141.36,-142.37,-141.67,-142.90,-143.28,-141.53,-142.20,-141.74,-142.51,-144.86,-145.59,-143.70,-142.62,-143.28,-143.32,-145.28,-145.80,-143.11,-147.17,-146.89,-143.39,-145.07,-142.27,-147.13,-146.78,-147.90,-148.67,-145.70,-146.78,-146.05,-144.75,-150.14,-149.62,-144.51,-146.85,-142.62,-146.19,-145.07,-142.06,-145.21,-146.12,-144.26,-145.63,-144.16,-145.21,-141.88,-141.88,-147.13,-144.82,-141.92,-143.81,-146.75,-145.56,-143.28,-147.03,-145.38,-144.51,-140.66,-141.08,-144.33,-142.06,-139.15
-107.69,-108.42,-110.07,-110.66,-116.72,-118.99,-122.63,-117.45,-119.59,-120.74,-119.45,-123.02,-119.06,-122.39,-122.04,-120.50,-120.57,-125.50,-124.42,-126.87,-126.06,-125.89,-126.48,-124.38,-129.39,-126.17,-127.88,-127.36,-129.07,-127.53,-127.43,-129.18,-128.97,-130.47,-127.81,-129.25,-128.55,-128.06,-128.62,-127.53,-126.03,-129.04,-131.14,-131.21,-130.44,-129.04,-126.34,-126.17,-125.78,-124.38,-120.92,-116.26,-116.89,-110.45,-106.67,-103.07,-99.64,-97.71,-94.39,-91.90,-88.30,-93.34,-94.21,-93.65,-92.25,-90.54,-94.98,-93.51,-92.78,-92.78,-95.54,-94.91,-95.68,-96.80,-98.94,-99.53,-105.34,-119.38,-127.74,-133.69,-140.87,-134.85,-139.71,-140.24,-139.19,-139.05,-137.33,-137.58,-141.60,-133.52,-138.35,-141.74,-140.83,-139.96,-142.02,-141.95,-139.78,-142.20,-143.25,-139.71,-142.79,-141.60,-141.74,-143.84,-140.62,-141.50,-143.32,-142.58,-144.82,-143.88,-143.60,-144.05,-143.32,-144.51,-145.31,-139.68,-149.79,-146.57,-145.17,-145.73,-144.65,-146.15,-144.51,-146.12,-144.75,-147.87,-144.68,-149.20,-143.46,-145.00,-149.06,-146.99,-143.91,-144.19,-146.29,-143.56,-144.58,-146.92,-144.44,-146.01,-149.79,-145.98,-144.09,-146.50,-143.39,-142.16,-144.72,-145.17,-145.03,-146.22,-144.40,-144.68,-144.33,-146.29,-141.92,-143.53,-139.78,-143.70,-139.50,-137.93
-104.96,-112.24,-112.90,-113.36,-112.69,-116.16,-120.15,-120.08,-118.96,-122.28,-119.66,-120.81,-120.67,-125.54,-123.09,-120.57,-120.15,-125.64,-124.87,-124.07,-124.28,-125.15,-126.31,-125.85,-128.09,-125.71,-126.73,-128.06,-128.06,-128.48,-128.79,-131.03,-129.81,-131.73,-128.34,-130.89,-129.74,-129.21,-132.61,-132.15,-130.68,-130.68,-130.26,-132.08,-129.42,-130.12,-127.95,-130.79,-132.01,-126.87,-128.09,-128.23,-128.20,-121.65,-122.25,-117.45,-114.86,-110.73,-109.37,-102.05,-97.64,-96.45,-97.82,-97.40,-99.25,-96.49,-96.63,-95.96,-92.78,-90.36,-94.60,-92.22,-93.65,-100.48,-99.25,-99.08,-101.46,-114.37,-127.53,-137.65,-138.31,-137.65,-140.34,-141.15,-139.82,-134.64,-136.04,-140.27,-141.18,-138.87,-139.82,-138.56,-138.35,-139.78,-138.17,-137.75,-143.18,-141.18,-142.86,-142.34,-142.30,-141.57,-142.93,-140.59,-142.23,-141.95,-143.07,-144.05,-144.65,-141.04,-138.84,-143.14,-141.57,-143.63,-144.33,-141.43,-143.81,-147.66,-147.55,-145.56,-142.37,-148.43,-145.38,-145.84,-148.39,-148.92,-144.54,-147.24,-143.88,-141.64,-144.44,-146.29,-142.65,-145.03,-144.47,-141.60,-145.63,-145.91,-145.24,-148.22,-148.60,-147.97,-145.00,-145.49,-147.31,-146.22,-146.85,-143.39,-147.87,-145.91,-146.57,-144.58,-145.84,-144.40,-145.21,-144.75,-145.21,-143.98,-141.74,-141.25
-106.81,-112.27,-112.20,-112.17,-116.75,-118.61,-119.27,-120.08,-119.69,-123.26,-118.36,-120.78,-119.94,-123.54,-124.24,-123.16,-124.80,-123.09,-125.54,-123.30,-124.38,-125.99,-127.53,-126.27,-127.22,-125.64,-126.45,-130.02,-131.38,-128.09,-128.02,-127.25,-128.06,-129.77,-129.25,-127.81,-127.29,-130.12,-128.16,-129.91,-128.62,-129.32,-129.00,-129.67,-127.25,-129.67,-127.74,-130.44,-130.58,-131.21,-129.60,-127.39,-131.80,-130.54,-128.48,-125.40,-125.26,-124.56,-120.15,-117.42,-109.33,-115.14,-109.86,-108.81,-109.47,-106.04,-105.06,-101.11,-96.77,-91.66,-93.90,-91.45,-92.88,-97.05,-97.36,-99.71,-101.91,-110.07,-124.80,-134.29,-141.53,-139.29,-138.00,-140.73,-137.93,-137.19,-139.05,-136.39,-140.38,-135.13,-144.40,-143.91,-139.22,-139.05,-139.29,-141.18,-142.76,-141.50,-139.47,-144.54,-142.93,-138.70,-141.18,-137.93,-137.12,-139.50,-141.50,-141.18,-141.78,-141.60,-139.43,-144.96,-143.11,-144.96,-143.35,-145.24,-148.04,-147.24,-145.35,-146.99,-145.31,-145.03,-147.55,-139.71,-144.51,-145.03,-143.63,-148.29,-146.75,-148.01,-148.64,-139.15,-147.34,-146.05,-143.42,-147.27,-145.59,-144.65,-144.26,-146.43,-146.92,-145.59,-146.89,-147.24,-146.89,-145.21,-143.67,-146.57,-145.38,-142.13,-145.00,-147.66,-146.96,-143.42,-144.16,-143.00,-140.90,-142.79,-139.33,-136.70
-109.58,-107.83,-115.00,-109.44,-115.60,-114.30,-117.84,-118.15,-117.80,-123.05,-113.43,-122.49,-123.86,-121.86,-123.37,-122.91,-124.59,-123.79,-121.16,-123.86,-125.64,-124.98,-127.11,-125.50,-126.03,-124.28,-126.13,-129.14,-126.41,-130.12,-127.32,-128.55,-132.26,-132.57,-130.79,-127.50,-130.05,-130.09,-128.90,-132.64,-130.86,-132.36,-131.17,-130.72,-131.28,-133.59,-131.80,-132.43,-129.74,-128.62,-131.59,-129.95,-133.55,-129.88,-130.93,-131.00,-130.47,-132.57,-132.61,-129.67,-127.04,-123.40,-125.29,-124.98,-125.01,-121.34,-119.27,-116.05,-108.70,-104.15,-95.37,-92.74,-96.24,-100.30,-99.36,-98.38,-100.23,-108.74,-123.82,-134.92,-136.91,-138.63,-140.27,-140.31,-138.94,-139.05,-140.06,-140.31,-141.95,-142.20,-142.23,-139.75,-138.00,-142.79,-142.65,-143.63,-140.03,-142.27,-139.15,-144.23,-138.77,-140.48,-142.51,-138.38,-140.80,-139.05,-142.48,-140.31,-144.37,-144.65,-139.29,-142.16,-144.30,-144.82,-141.85,-140.83,-147.66,-141.43,-141.88,-145.98,-145.14,-146.26,-148.60,-145.10,-147.24,-144.37,-146.96,-146.33,-148.29,-148.08,-148.57,-145.00,-143.14,-143.11,-144.65,-146.29,-145.49,-150.39,-148.53,-147.06,-147.48,-146.05,-145.73,-148.29,-147.87,-145.07,-143.07,-143.56,-144.61,-145.35,-145.07,-146.54,-144.89,-142.41,-141.46,-147.13,-140.66,-141.46,-141.60,-140.17
-108.56,-110.63,-111.54,-110.98,-114.20,-115.84,-114.27,-117.03,-118.36,-120.50,-121.06,-120.64,-118.29,-123.96,-122.18,-122.56,-123.51,-122.53,-125.40,-122.07,-126.13,-120.71,-126.38,-124.17,-126.52,-123.26,-124.80,-127.50,-131.10,-130.09,-125.29,-128.41,-125.57,-128.65,-131.24,-128.62,-129.14,-127.95,-126.41,-128.41,-129.98,-130.16,-126.66,-131.98,-131.66,-128.58,-128.83,-130.40,-131.03,-131.28,-131.59,-130.79,-132.64,-132.01,-129.25,-131.42,-127.67,-132.78,-133.73,-132.19,-133.34,-132.57,-129.95,-131.94,-132.89,-130.79,-128.65,-126.52,-120.88,-114.62,-108.07,-101.00,-97.82,-95.26,-97.85,-98.45,-103.63,-114.20,-127.39,-137.09,-136.46,-136.25,-137.82,-140.06,-138.94,-138.10,-138.56,-138.59,-138.28,-135.23,-141.64,-137.61,-140.06,-137.86,-141.32,-140.17,-140.90,-141.36,-139.57,-138.84,-142.06,-143.63,-144.86,-141.60,-142.72,-141.22,-141.04,-144.33,-142.02,-147.13,-141.29,-145.63,-141.50,-141.99,-141.43,-142.76,-142.79,-144.51,-144.47,-146.22,-141.53,-145.28,-146.26,-146.29,-146.36,-145.21,-143.88,-149.02,-146.19,-147.48,-145.07,-144.65,-141.25,-145.59,-146.75,-148.29,-143.46,-148.32,-144.68,-148.22,-146.29,-143.84,-144.26,-146.05,-144.54,-146.96,-143.95,-144.26,-145.03,-143.56,-144.72,-143.77,-143.28,-144.61,-143.88,-143.46,-141.60,-141.04,-138.07,-138.84
-110.10,-111.64,-111.92,-113.32,-118.43,-113.01,-119.38,-115.28,-120.01,-121.51,-122.25,-118.05,-121.06,-123.54,-121.30,-123.93,-124.45,-126.20,-124.31,-123.19,-125.01,-123.89,-128.97,-126.80,-127.25,-123.61,-124.49,-128.55,-127.11,-128.58,-128.41,-127.99,-130.61,-128.72,-127.43,-130.05,-126.97,-126.80,-129.77,-129.49,-132.26,-130.93,-131.45,-130.47,-132.08,-131.52,-133.41,-129.98,-128.93,-133.27,-130.26,-130.26,-131.38,-130.68,-129.53,-128.83,-131.03,-129.84,-131.52,-133.59,-129.63,-134.08,-134.99,-133.66,-134.15,-133.41,-130.68,-132.99,-128.44,-125.92,-120.60,-113.99,-107.79,-109.19,-104.78,-104.29,-106.50,-120.22,-130.44,-136.67,-137.72,-141.74,-136.32,-141.53,-139.22,-141.11,-138.63,-139.36,-135.37,-140.31,-139.54,-142.13,-139.22,-140.24,-143.49,-144.40,-143.25,-139.92,-140.66,-141.43,-142.90,-143.07,-139.64,-138.28,-139.71,-135.27,-141.92,-143.00,-142.51,-141.99,-140.20,-142.69,-145.17,-138.84,-140.45,-145.14,-145.42,-143.42,-143.67,-143.67,-146.89,-142.93,-146.64,-146.01,-147.17,-148.39,-148.81,-149.41,-145.00,-147.41,-146.99,-139.78,-140.83,-143.70,-143.32,-146.82,-142.97,-146.19,-141.01,-145.84,-144.79,-146.54,-145.00,-148.64,-144.89,-148.36,-146.57,-143.35,-147.55,-141.85,-142.34,-141.67,-143.39,-142.79,-139.36,-139.99,-140.80,-139.29,-135.76,-139.36
-105.83,-112.41,-112.31,-113.15,-117.66,-115.70,-118.85,-118.33,-118.92,-124.70,-118.75,-118.47,-119.03,-123.61,-125.57,-126.24,-122.60,-119.55,-122.53,-124.28,-124.94,-126.69,-126.34,-124.63,-128.16,-123.61,-122.04,-125.22,-128.37,-129.18,-125.47,-130.68,-127.92,-130.89,-127.64,-128.16,-129.70,-126.38,-129.49,-130.44,-132.54,-131.49,-128.97,-133.17,-132.71,-133.66,-132.29,-130.44,-133.10,-131.24,-129.53,-132.82,-133.80,-133.80,-134.08,-132.47,-131.21,-130.79,-135.16,-134.74,-131.14,-138.10,-129.81,-134.64,-133.03,-130.79,-134.04,-130.30,-134.71,-131.77,-130.68,-126.73,-122.00,-122.98,-115.77,-115.18,-118.85,-127.11,-133.80,-136.63,-139.50,-140.83,-138.70,-141.57,-138.10,-140.31,-141.43,-142.02,-141.85,-135.72,-141.71,-136.25,-136.11,-141.04,-138.24,-141.57,-141.29,-140.03,-141.22,-140.45,-142.16,-142.76,-142.16,-138.28,-142.34,-139.61,-142.20,-145.45,-146.78,-143.49,-140.73,-144.05,-148.22,-144.44,-143.11,-142.83,-145.52,-144.09,-143.49,-143.63,-142.30,-146.71,-143.91,-147.83,-143.81,-142.97,-144.93,-146.29,-145.10,-144.33,-147.38,-143.21,-146.40,-143.04,-143.35,-147.62,-144.19,-147.62,-148.15,-143.18,-147.59,-149.09,-144.72,-145.77,-142.34,-144.96,-144.75,-145.73,-141.74,-146.01,-144.51,-141.43,-142.76,-138.87,-143.00,-139.85,-140.59,-138.00,-139.26,-139.68
-106.53,-111.19,-109.40,-110.17,-114.06,-110.52,-119.10,-116.09,-117.24,-121.13,-117.31,-117.80,-120.85,-122.11,-122.91,-125.57,-123.89,-121.65,-125.43,-122.88,-125.64,-125.08,-128.02,-123.75,-125.01,-123.96,-125.78,-128.27,-129.18,-128.02,-125.64,-127.46,-130.33,-127.64,-127.95,-130.44,-129.25,-127.29,-129.46,-130.82,-131.91,-130.09,-129.84,-131.49,-130.86,-133.52,-130.65,-132.50,-129.39,-130.37,-130.09,-133.03,-132.57,-130.79,-132.71,-132.22,-133.83,-131.38,-132.22,-130.89,-128.37,-133.34,-129.25,-133.69,-131.21,-130.33,-131.21,-131.59,-133.34,-133.45,-134.04,-133.94,-134.43,-129.77,-127.95,-126.48,-132.43,-133.87,-134.04,-140.13,-135.86,-138.24,-137.19,-139.82,-136.28,-139.01,-140.59,-142.02,-141.95,-137.05,-140.87,-139.40,-136.32,-139.12,-140.87,-140.10,-141.67,-139.50,-139.40,-135.83,-141.74,-143.28,-141.78,-143.07,-143.00,-138.52,-142.23,-140.87,-143.84,-141.53,-143.07,-142.44,-146.71,-142.48,-144.75,-141.50,-141.95,-144.96,-143.81,-142.55,-142.79,-144.61,-144.47,-147.41,-142.16,-144.23,-144.86,-146.78,-144.68,-144.44,-145.87,-142.58,-143.42,-144.47,-145.52,-145.45,-144.58,-149.55,-147.31,-145.52,-147.97,-143.81,-144.30,-146.57,-143.70,-144.86,-143.60,-142.97,-143.11,-141.64,-141.81,-142.37,-141.74,-143.74,-143.53,-141.78,-139.47,-140.55,-138.31,-137.86
-112.27,-108.42,-110.21,-111.43,-114.79,-113.95,-116.79,-118.01,-119.45,-122.35,-121.27,-121.55,-123.23,-123.40,-123.82,-123.09,-122.88,-119.97,-125.26,-121.06,-127.32,-122.84,-124.63,-124.73,-126.24,-124.38,-123.33,-126.90,-125.05,-128.79,-126.55,-124.42,-127.74,-131.03,-123.79,-126.87,-126.76,-127.95,-127.81,-131.24,-130.44,-129.95,-130.54,-129.81,-131.38,-132.36,-130.44,-134.18,-130.16,-131.91,-131.07,-130.47,-127.99,-131.80,-128.90,-134.08,-133.31,-129.88,-132.29,-129.91,-133.55,-130.09,-129.95,-132.29,-133.13,-133.31,-133.45,-137.16,-134.04,-134.85,-137.16,-132.71,-137.65,-134.25,-134.57,-135.93,-134.15,-137.26,-134.78,-134.43,-136.04,-139.54,-138.03,-138.24,-135.20,-136.56,-140.62,-138.84,-141.60,-138.21,-137.23,-138.91,-135.48,-138.70,-139.89,-141.74,-141.74,-141.53,-139.43,-141.29,-141.74,-139.57,-142.62,-141.01,-143.32,-142.44,-143.35,-143.53,-143.56,-143.60,-139.96,-144.82,-143.18,-142.55,-142.02,-142.09,-143.60,-143.14,-145.73,-141.92,-146.12,-145.24,-143.95,-146.01,-145.56,-146.15,-143.39,-147.03,-145.03,-144.26,-149.37,-142.34,-144.44,-143.21,-145.14,-145.98,-143.81,-147.20,-142.90,-145.52,-144.44,-146.71,-145.21,-148.36,-143.04,-144.89,-144.47,-141.67,-141.57,-142.16,-144.05,-141.50,-144.30,-143.11,-142.06,-139.47,-142.86,-141.22,-139.05,-136.77
-107.02,-110.31,-113.64,-114.06,-113.92,-115.21,-117.21,-116.65,-115.42,-118.75,-115.04,-120.22,-121.44,-125.26,-125.82,-124.14,-125.19,-126.94,-123.75,-122.70,-122.91,-126.20,-125.05,-127.74,-126.45,-122.70,-126.03,-126.83,-127.53,-127.64,-121.93,-126.66,-128.02,-130.72,-127.81,-129.00,-129.28,-130.05,-127.74,-132.50,-130.23,-130.33,-130.40,-131.80,-130.89,-127.11,-130.09,-131.52,-130.40,-129.14,-128.72,-128.41,-130.37,-134.11,-130.26,-133.52,-131.00,-131.14,-132.64,-132.19,-130.65,-130.02,-132.36,-129.88,-132.64,-129.49,-130.75,-134.74,-135.41,-129.84,-133.31,-133.27,-133.13,-137.44,-135.23,-136.67,-135.16,-133.52,-135.30,-135.79,-135.02,-138.70,-138.35,-141.92,-137.72,-141.25,-138.42,-140.38,-139.01,-139.08,-137.89,-140.38,-136.28,-137.40,-138.17,-140.13,-140.13,-141.36,-140.52,-142.09,-141.36,-143.18,-140.41,-138.38,-144.47,-140.62,-142.93,-139.57,-143.53,-143.35,-141.74,-144.65,-141.64,-143.14,-142.72,-139.99,-144.61,-141.43,-142.51,-141.92,-145.45,-142.76,-145.80,-145.42,-145.35,-145.56,-141.43,-144.37,-145.56,-145.07,-145.98,-143.74,-143.60,-139.68,-143.88,-145.21,-142.41,-146.43,-141.60,-146.64,-140.73,-144.82,-147.31,-145.87,-142.83,-143.28,-144.68,-140.55,-144.72,-142.23,-141.92,-142.37,-142.62,-141.29,-139.89,-141.36,-141.74,-137.37,-136.18,-138.28
-107.69,-112.45,-110.03,-110.49,-113.81,-114.86,-113.92,-115.14,-115.25,-119.94,-116.09,-119.34,-123.44,-118.96,-124.03,-124.17,-122.35,-126.24,-123.30,-122.70,-123.12,-122.67,-124.87,-122.00,-121.90,-120.85,-121.58,-123.72,-128.79,-124.24,-124.63,-128.23,-126.83,-129.14,-126.06,-124.59,-127.32,-127.53,-128.51,-129.21,-130.86,-127.25,-129.88,-131.45,-130.33,-130.96,-130.72,-131.87,-129.18,-133.20,-128.13,-128.72,-127.53,-129.77,-130.51,-131.07,-131.03,-133.66,-131.00,-130.82,-127.15,-133.80,-131.80,-132.68,-134.11,-132.36,-131.28,-136.18,-134.25,-131.49,-133.48,-134.88,-135.34,-137.09,-135.37,-135.27,-134.46,-132.43,-132.40,-134.95,-139.08,-136.46,-137.33,-137.23,-137.86,-133.03,-136.91,-138.63,-133.94,-134.50,-138.59,-137.58,-134.50,-136.74,-139.89,-139.82,-141.64,-132.96,-138.35,-140.38,-139.68,-140.52,-139.99,-139.75,-138.42,-135.79,-140.31,-141.15,-145.24,-142.83,-141.11,-144.86,-144.72,-142.23,-141.39,-142.02,-142.20,-142.86,-144.16,-144.68,-143.91,-143.46,-143.35,-143.07,-147.45,-144.44,-144.93,-146.01,-142.69,-145.31,-144.37,-146.33,-144.37,-140.69,-143.56,-142.62,-142.06,-145.24,-140.94,-142.69,-142.13,-143.91,-141.11,-141.01,-143.74,-143.25,-141.99,-141.78,-140.06,-142.09,-143.77,-138.94,-141.53,-138.94,-137.12,-137.96,-139.82,-139.99,-135.34,-136.21
-104.82,-111.89,-108.81,-110.80,-114.41,-111.85,-115.07,-116.54,-117.70,-120.25,-118.12,-118.26,-119.34,-120.81,-123.12,-119.87,-119.83,-123.47,-122.07,-120.22,-123.23,-122.84,-124.87,-123.72,-123.09,-121.34,-123.58,-126.80,-126.06,-124.91,-123.82,-125.01,-123.47,-126.41,-127.60,-126.17,-129.63,-126.90,-128.62,-127.53,-128.48,-127.08,-126.59,-130.72,-130.54,-129.11,-126.41,-130.16,-130.33,-132.08,-129.21,-129.04,-129.56,-129.67,-128.23,-128.58,-134.39,-131.59,-132.08,-134.64,-130.44,-131.66,-132.12,-131.49,-130.86,-134.74,-132.57,-135.76,-133.10,-132.75,-137.68,-135.20,-134.99,-134.29,-137.47,-135.06,-136.95,-135.34,-137.23,-133.31,-135.48,-136.77,-137.12,-136.74,-135.58,-137.16,-137.26,-137.82,-138.66,-137.61,-138.56,-137.40,-135.86,-137.65,-138.42,-140.83,-141.88,-138.17,-140.80,-140.80,-140.52,-139.61,-140.34,-136.18,-141.11,-137.58,-141.22,-136.56,-140.80,-143.11,-142.13,-143.63,-143.42,-141.60,-141.39,-140.80,-141.92,-143.32,-139.96,-141.99,-141.57,-143.91,-145.31,-144.02,-144.89,-143.77,-142.90,-145.70,-145.17,-142.69,-144.72,-143.63,-141.81,-140.52,-145.84,-143.84,-140.97,-144.96,-143.88,-143.49,-144.61,-144.89,-141.43,-141.32,-139.71,-144.02,-136.56,-139.71,-142.76,-141.92,-141.29,-140.20,-140.20,-141.81,-139.85,-144.26,-136.84,-139.78,-135.06,-134.50
-108.21,-108.63,-108.95,-111.29,-111.78,-113.64,-115.32,-115.21,-115.46,-118.85,-118.68,-120.32,-118.05,-119.55,-125.50,-123.44,-121.62,-119.97,-120.43,-122.14,-123.68,-126.55,-125.75,-125.68,-124.14,-122.14,-124.28,-125.96,-124.24,-125.01,-122.74,-125.12,-123.05,-128.23,-126.66,-126.55,-129.04,-124.17,-127.57,-127.04,-127.53,-125.89,-128.69,-127.71,-130.37,-129.91,-128.86,-132.01,-128.69,-130.02,-129.88,-128.97,-130.65,-128.76,-129.74,-130.09,-133.52,-131.59,-134.36,-131.91,-131.38,-132.29,-131.84,-132.15,-133.94,-131.80,-128.97,-133.13,-134.57,-132.40,-132.64,-134.78,-132.12,-137.23,-135.41,-134.25,-133.10,-134.81,-134.88,-137.05,-135.30,-135.76,-135.51,-136.56,-136.00,-134.57,-135.48,-136.04,-137.82,-133.24,-135.58,-136.21,-133.41,-134.53,-139.57,-140.13,-136.04,-140.62,-138.35,-141.50,-136.35,-140.52,-141.50,-135.09,-139.36,-136.84,-140.80,-139.08,-143.53,-141.32,-140.48,-144.93,-141.11,-141.08,-143.63,-137.30,-141.04,-142.30,-143.35,-141.25,-140.27,-141.92,-141.46,-144.37,-145.31,-145.94,-142.62,-146.96,-143.81,-142.20,-144.05,-142.79,-142.13,-143.77,-145.38,-141.71,-142.55,-140.03,-142.27,-142.51,-137.09,-142.55,-139.75,-141.88,-141.81,-141.99,-140.90,-136.63,-140.87,-140.62,-143.39,-142.44,-139.08,-140.27,-139.64,-138.77,-142.27,-132.92,-133.80,-134.08
-108.74,-107.65,-108.53,-107.97,-112.87,-111.01,-112.94,-116.02,-115.04,-116.30,-116.09,-119.10,-117.52,-120.25,-120.50,-122.63,-121.34,-120.53,-120.67,-120.57,-122.00,-121.93,-124.94,-123.86,-125.01,-119.80,-125.71,-123.82,-126.45,-128.44,-122.04,-126.20,-124.77,-129.84,-128.23,-127.88,-128.86,-124.91,-126.31,-127.29,-128.62,-127.78,-127.36,-129.95,-131.07,-127.64,-126.38,-129.84,-130.37,-130.40,-128.34,-127.71,-130.65,-128.02,-129.35,-131.98,-130.79,-130.54,-133.17,-131.73,-128.90,-132.78,-130.65,-133.13,-132.50,-132.50,-131.00,-136.60,-134.50,-134.53,-132.12,-130.23,-132.19,-135.69,-137.54,-134.57,-133.94,-132.43,-134.60,-136.49,-133.59,-138.84,-136.32,-135.30,-133.45,-134.99,-136.00,-133.52,-136.81,-136.18,-137.26,-137.47,-136.14,-137.16,-138.00,-141.01,-140.76,-138.21,-138.80,-137.75,-143.28,-139.26,-139.33,-137.37,-136.39,-137.58,-141.60,-143.04,-139.12,-141.67,-142.62,-144.54,-142.90,-140.48,-144.68,-139.47,-143.98,-141.74,-141.57,-139.50,-143.81,-144.09,-140.87,-144.40,-147.45,-143.42,-143.67,-144.16,-144.12,-145.38,-148.22,-143.00,-143.46,-147.41,-146.89,-144.54,-141.57,-145.00,-141.60,-142.76,-141.78,-142.16,-142.69,-140.90,-139.19,-138.73,-143.14,-135.79,-140.52,-143.84,-140.45,-141.18,-138.66,-140.41,-138.77,-141.11,-138.94,-137.72,-136.67,-133.90
-107.02,-111.89,-113.32,-112.80,-112.31,-112.83,-115.07,-115.49,-116.51,-116.58,-117.66,-117.00,-118.78,-117.24,-123.19,-122.46,-124.70,-123.47,-120.85,-121.83,-121.55,-123.16,-124.28,-121.55,-121.48,-122.67,-119.94,-125.57,-126.66,-122.81,-123.79,-125.26,-124.52,-127.36,-127.36,-125.82,-128.44,-123.16,-126.55,-124.98,-126.69,-124.03,-127.57,-126.66,-127.01,-128.23,-124.28,-130.30,-126.94,-125.78,-129.60,-125.78,-131.56,-130.61,-128.83,-131.49,-131.07,-128.48,-133.27,-132.22,-133.48,-130.79,-129.77,-132.19,-133.73,-134.15,-134.22,-133.73,-130.82,-133.17,-133.34,-131.59,-133.03,-136.56,-135.65,-133.48,-132.19,-130.33,-135.09,-133.83,-136.77,-134.71,-136.56,-136.81,-133.73,-132.33,-141.15,-134.57,-136.70,-133.62,-137.68,-137.86,-138.10,-134.95,-135.86,-137.40,-137.54,-137.19,-136.77,-139.15,-138.35,-137.82,-139.19,-137.89,-138.03,-135.16,-140.69,-140.48,-140.03,-142.20,-140.17,-141.67,-141.32,-141.92,-140.76,-137.93,-141.22,-139.57,-142.86,-141.29,-142.34,-143.32,-140.45,-146.26,-140.94,-141.95,-143.60,-141.85,-141.74,-142.27,-143.04,-143.81,-142.86,-142.30,-143.67,-142.09,-142.51,-143.11,-144.93,-140.87,-141.50,-140.52,-143.32,-142.86,-141.95,-139.92,-141.39,-139.33,-143.77,-142.65,-140.06,-143.74,-141.39,-140.24,-137.79,-134.95,-136.91,-138.63,-137.44,-131.73
-105.48,-107.13,-108.46,-109.12,-114.23,-114.20,-115.28,-112.38,-114.44,-117.56,-115.25,-115.60,-117.42,-120.53,-120.04,-121.65,-120.85,-118.99,-123.30,-119.17,-124.66,-121.37,-124.84,-123.75,-122.77,-122.70,-120.53,-123.96,-124.80,-125.75,-122.81,-124.21,-126.03,-128.79,-123.72,-125.78,-129.35,-122.56,-124.73,-126.59,-125.47,-128.06,-126.06,-126.76,-130.05,-123.82,-125.82,-127.74,-129.98,-129.32,-128.76,-126.10,-128.86,-126.73,-129.98,-127.95,-131.91,-127.81,-130.09,-129.81,-126.80,-129.39,-127.04,-132.43,-132.05,-132.05,-130.75,-132.61,-133.48,-132.85,-133.87,-129.70,-133.76,-135.09,-132.33,-135.51,-134.04,-134.57,-135.02,-131.45,-136.70,-134.92,-134.81,-136.04,-131.17,-135.97,-134.95,-136.07,-136.98,-134.67,-135.58,-135.97,-136.88,-134.39,-138.84,-137.93,-139.40,-138.52,-134.88,-137.30,-138.45,-139.40,-137.82,-137.86,-140.41,-135.51,-138.66,-136.56,-141.74,-139.01,-137.09,-138.73,-140.97,-138.24,-143.07,-138.21,-141.25,-140.83,-140.45,-140.76,-140.97,-138.31,-140.80,-145.49,-141.57,-141.95,-144.02,-142.13,-142.13,-142.51,-142.76,-141.60,-142.90,-141.36,-142.27,-141.04,-140.20,-143.67,-141.08,-143.35,-139.12,-137.02,-143.46,-141.11,-138.87,-141.99,-138.52,-137.47,-140.55,-136.77,-142.65,-140.87,-143.70,-141.64,-140.62,-138.49,-140.31,-139.75,-135.69,-133.87
-106.74,-110.07,-109.93,-108.70,-113.57,-115.35,-115.32,-115.28,-118.01,-119.10,-116.33,-116.75,-117.17,-119.90,-120.53,-120.60,-121.48,-118.22,-122.84,-122.14,-124.80,-124.35,-124.10,-121.48,-124.80,-119.41,-122.67,-123.37,-125.96,-123.68,-122.25,-122.25,-127.29,-125.36,-128.09,-125.82,-125.92,-124.98,-125.71,-125.50,-126.59,-127.81,-127.78,-127.81,-130.16,-126.90,-127.43,-129.25,-126.94,-128.48,-129.49,-126.03,-130.12,-130.54,-129.81,-128.51,-131.77,-130.37,-129.32,-132.33,-131.21,-131.63,-131.03,-131.07,-131.07,-130.44,-131.94,-131.49,-128.83,-130.89,-132.71,-130.30,-135.37,-135.79,-134.53,-131.49,-136.32,-132.89,-133.80,-136.88,-133.34,-133.62,-132.54,-137.86,-134.18,-135.34,-138.10,-136.04,-133.83,-132.08,-135.72,-134.81,-134.78,-136.49,-135.09,-138.56,-132.92,-137.47,-135.97,-136.28,-135.93,-135.20,-137.86,-137.61,-137.58,-133.03,-137.23,-137.30,-139.75,-143.91,-136.67,-139.40,-137.89,-139.54,-140.41,-136.28,-141.18,-140.24,-141.74,-140.48,-138.24,-141.29,-143.04,-142.72,-141.04,-141.18,-140.38,-143.74,-141.78,-143.49,-142.30,-139.57,-144.40,-140.34,-139.12,-140.38,-140.94,-141.01,-137.89,-143.60,-139.78,-139.05,-137.86,-143.04,-141.50,-141.85,-141.60,-138.42,-138.94,-140.41,-142.20,-139.82,-140.41,-141.74,-137.68,-139.78,-137.72,-136.42,-136.46,-131.77
-105.94,-111.08,-107.16,-109.12,-114.41,-113.36,-118.96,-114.65,-116.05,-120.67,-119.52,-116.93,-117.00,-119.45,-120.11,-118.68,-119.87,-120.29,-122.95,-121.90,-121.65,-122.67,-122.88,-121.58,-121.79,-119.48,-122.18,-122.84,-125.71,-124.35,-123.05,-121.48,-125.29,-125.43,-125.64,-123.26,-126.55,-124.10,-123.54,-125.01,-127.92,-124.87,-125.50,-127.36,-125.15,-125.47,-123.75,-127.29,-125.92,-125.75,-128.44,-128.93,-130.82,-128.41,-127.01,-130.16,-129.39,-127.11,-128.86,-128.65,-125.99,-132.15,-131.38,-130.19,-130.02,-126.73,-132.71,-131.56,-131.00,-131.87,-133.83,-130.75,-130.47,-137.65,-135.30,-134.04,-136.70,-131.14,-133.06,-133.97,-131.03,-134.08,-132.68,-135.23,-135.44,-130.44,-136.70,-132.29,-136.60,-133.34,-135.55,-135.97,-132.50,-133.76,-136.46,-136.18,-136.74,-135.41,-138.10,-135.69,-136.56,-135.72,-136.95,-135.83,-136.84,-135.27,-137.58,-136.98,-140.17,-136.11,-137.89,-137.58,-139.78,-138.70,-140.38,-136.63,-141.32,-142.37,-140.31,-139.82,-139.19,-141.92,-137.30,-140.90,-139.12,-140.52,-140.48,-141.32,-139.50,-141.15,-144.30,-138.63,-141.25,-137.96,-141.43,-142.90,-138.94,-141.57,-138.00,-141.46,-139.54,-137.19,-141.32,-142.09,-139.19,-141.08,-138.98,-137.12,-137.12,-138.91,-142.30,-136.70,-137.75,-141.99,-137.68,-138.63,-135.72,-141.08,-135.02,-132.50
-109.68,-107.93,-107.09,-111.22,-113.18,-112.24,-115.14,-118.33,-115.18,-119.62,-117.35,-118.50,-115.21,-120.25,-119.38,-122.77,-120.43,-118.36,-122.60,-120.18,-122.46,-124.45,-121.06,-123.05,-122.84,-123.05,-127.32,-122.11,-125.01,-123.82,-123.68,-123.58,-123.12,-127.92,-124.03,-125.78,-124.21,-126.59,-123.75,-126.31,-127.36,-125.50,-127.32,-127.15,-128.34,-128.97,-126.94,-127.46,-124.17,-128.16,-125.54,-127.29,-130.86,-128.06,-128.62,-131.21,-128.20,-128.86,-129.11,-129.07,-128.23,-129.49,-130.61,-131.10,-133.66,-131.14,-130.02,-134.81,-133.69,-130.33,-133.34,-127.95,-131.28,-136.46,-135.55,-130.51,-130.86,-136.77,-133.10,-133.48,-132.15,-134.64,-134.64,-132.92,-134.39,-131.84,-133.10,-133.24,-131.80,-133.13,-136.07,-136.81,-133.31,-131.91,-136.42,-136.95,-134.50,-135.48,-137.54,-137.12,-142.65,-134.78,-138.49,-136.39,-139.71,-136.67,-136.88,-140.31,-136.63,-139.78,-134.64,-139.57,-138.94,-137.58,-137.54,-138.45,-137.75,-138.66,-139.15,-138.00,-142.86,-143.18,-140.52,-141.18,-136.98,-137.89,-139.99,-140.31,-141.18,-138.94,-142.23,-142.44,-139.05,-137.37,-138.63,-142.41,-139.29,-140.31,-137.47,-138.59,-142.58,-142.06,-140.59,-140.83,-140.87,-140.59,-138.17,-138.07,-141.36,-137.65,-139.26,-139.54,-138.91,-138.98,-138.63,-138.70,-139.05,-136.70,-135.62,-133.62
-106.46,-108.84,-109.40,-108.77,-110.45,-112.31,-114.69,-117.94,-115.77,-117.49,-112.17,-118.36,-112.69,-117.21,-122.42,-117.63,-120.18,-118.82,-120.78,-118.89,-121.41,-121.30,-125.47,-122.14,-123.19,-119.94,-122.88,-121.93,-126.87,-126.83,-122.88,-121.86,-124.59,-127.04,-122.42,-126.06,-127.46,-120.53,-119.97,-125.12,-126.87,-124.07,-124.35,-126.13,-124.91,-128.23,-126.27,-126.48,-127.64,-127.32,-125.15,-126.27,-129.28,-126.83,-128.51,-131.45,-129.67,-127.53,-130.05,-128.83,-129.98,-129.56,-129.60,-128.55,-129.04,-129.88,-131.00,-131.42,-129.00,-132.26,-131.31,-129.60,-132.68,-132.78,-131.56,-133.76,-131.14,-133.66,-133.24,-132.82,-137.61,-133.38,-137.51,-134.50,-131.59,-133.52,-134.78,-131.59,-134.88,-130.72,-134.39,-134.46,-133.87,-132.89,-136.21,-136.63,-135.37,-135.20,-132.61,-136.46,-138.00,-138.98,-135.02,-133.27,-137.44,-133.34,-138.21,-139.92,-137.65,-138.80,-137.12,-140.87,-138.38,-138.49,-136.95,-141.18,-135.86,-138.87,-139.61,-138.38,-138.03,-139.50,-137.26,-139.36,-140.94,-139.68,-141.32,-140.41,-138.84,-141.22,-143.91,-142.30,-138.77,-139.57,-136.07,-142.09,-139.54,-140.41,-141.15,-140.13,-140.31,-141.29,-138.84,-141.64,-140.13,-142.23,-137.75,-135.97,-138.91,-140.31,-140.97,-139.40,-138.98,-137.96,-139.36,-137.30,-138.70,-135.97,-132.78,-135.48
-104.92,-108.98,-110.45,-110.66,-111.33,-109.30,-114.58,-111.64,-113.53,-119.62,-114.58,-119.03,-118.33,-119.17,-121.37,-120.25,-120.01,-116.89,-121.69,-116.93,-120.60,-121.13,-123.51,-121.06,-120.60,-119.24,-122.04,-122.67,-122.77,-123.96,-120.92,-122.60,-122.32,-126.06,-124.66,-125.47,-124.42,-121.72,-122.74,-124.56,-124.63,-128.09,-127.99,-126.06,-127.85,-125.22,-125.22,-127.29,-127.46,-127.01,-127.57,-123.30,-130.72,-125.29,-129.63,-128.79,-126.34,-129.25,-129.00,-128.13,-129.70,-129.46,-130.12,-132.26,-130.05,-129.49,-131.73,-132.33,-130.75,-129.39,-131.17,-134.95,-134.08,-129.60,-130.79,-133.31,-134.04,-132.22,-130.96,-135.30,-137.33,-131.87,-131.98,-135.83,-131.21,-131.73,-134.15,-133.03,-134.85,-132.71,-132.61,-133.31,-130.65,-131.21,-136.11,-137.12,-134.22,-134.71,-132.43,-131.52,-135.48,-134.15,-135.27,-131.52,-137.72,-133.73,-135.90,-137.68,-138.10,-140.52,-135.72,-138.07,-137.30,-135.51,-135.48,-135.65,-141.01,-141.25,-137.93,-136.49,-135.37,-139.22,-138.03,-137.19,-139.92,-142.65,-141.81,-142.41,-136.77,-137.75,-137.93,-134.88,-137.09,-138.10,-139.19,-136.91,-137.65,-141.81,-142.83,-142.41,-140.34,-142.93,-140.62,-141.78,-138.59,-141.60,-140.41,-138.45,-140.17,-132.99,-140.62,-138.56,-141.46,-141.08,-137.61,-136.91,-136.56,-135.02,-134.15,-132.40
-105.94,-107.93,-109.72,-110.77,-112.97,-113.60,-114.23,-112.83,-113.22,-117.66,-111.99,-115.49,-114.23,-116.75,-117.66,-117.87,-120.99,-116.05,-118.75,-119.97,-119.73,-121.65,-120.15,-118.33,-119.97,-116.72,-120.46,-121.76,-120.99,-123.65,-121.48,-121.51,-124.63,-121.58,-124.70,-126.27,-123.61,-120.39,-122.56,-122.84,-125.33,-125.36,-127.22,-124.00,-130.79,-124.56,-124.28,-127.39,-126.31,-123.93,-128.97,-125.26,-131.87,-126.94,-127.95,-127.60,-126.66,-125.12,-127.95,-129.21,-128.20,-127.29,-128.06,-128.48,-129.21,-130.51,-130.89,-131.35,-130.58,-129.49,-130.33,-126.34,-130.68,-129.81,-131.31,-133.17,-130.16,-133.52,-130.68,-134.53,-134.85,-134.71,-136.42,-134.78,-132.54,-132.92,-132.75,-133.69,-136.60,-131.35,-137.23,-134.53,-136.07,-133.20,-132.29,-138.80,-136.14,-133.90,-134.39,-133.06,-132.64,-134.08,-136.60,-135.13,-138.03,-131.66,-137.23,-136.32,-134.04,-135.58,-138.52,-139.08,-137.68,-136.91,-133.69,-132.78,-139.68,-139.33,-137.33,-137.05,-137.26,-141.81,-139.96,-138.42,-142.48,-138.28,-138.59,-139.78,-137.79,-143.53,-139.71,-142.20,-138.00,-139.36,-136.46,-139.68,-137.09,-137.68,-142.79,-137.89,-139.82,-142.86,-139.57,-142.09,-136.98,-140.20,-137.40,-138.94,-140.10,-135.37,-140.94,-136.91,-137.12,-136.14,-138.45,-134.43,-136.70,-136.70,-133.45,-135.02
-103.28,-108.60,-108.32,-110.94,-110.45,-111.12,-115.21,-110.91,-116.26,-115.70,-111.43,-115.32,-114.48,-117.17,-118.26,-118.96,-119.27,-119.59,-118.78,-119.38,-118.68,-120.81,-120.57,-120.04,-120.11,-116.51,-118.29,-118.15,-119.24,-121.97,-120.29,-121.20,-121.97,-124.94,-123.05,-124.45,-123.19,-121.23,-122.35,-124.35,-123.30,-121.93,-124.59,-126.59,-126.45,-124.98,-122.25,-127.67,-127.32,-124.63,-126.45,-124.66,-127.11,-124.31,-127.36,-126.97,-127.11,-128.65,-129.67,-129.74,-128.34,-133.20,-127.71,-130.75,-126.97,-130.89,-128.72,-127.32,-129.32,-130.61,-129.39,-128.97,-130.44,-134.67,-128.09,-132.71,-132.89,-130.61,-133.38,-132.26,-131.94,-133.97,-132.40,-130.47,-130.93,-134.18,-134.95,-133.27,-134.60,-133.17,-132.71,-137.09,-135.62,-134.22,-133.69,-136.00,-134.99,-135.65,-133.34,-134.78,-138.45,-134.04,-135.09,-133.69,-134.88,-131.87,-134.81,-137.40,-138.00,-136.04,-135.58,-138.10,-135.20,-132.92,-137.30,-136.35,-139.99,-140.17,-137.89,-140.10,-140.76,-141.64,-138.03,-140.59,-142.27,-140.06,-135.65,-137.65,-139.12,-139.78,-142.16,-141.18,-139.78,-137.89,-136.25,-138.38,-137.40,-139.89,-137.30,-137.40,-135.90,-137.93,-139.85,-140.52,-140.31,-139.12,-139.75,-134.46,-137.51,-135.86,-136.56,-135.69,-138.42,-135.30,-137.58,-134.92,-136.28,-138.49,-132.43,-130.47
-100.09,-105.97,-108.32,-103.91,-108.28,-112.38,-113.78,-110.80,-115.49,-115.11,-110.42,-113.67,-115.21,-115.14,-117.28,-119.59,-118.50,-112.48,-119.48,-117.98,-117.45,-120.29,-119.90,-121.06,-118.92,-117.49,-115.21,-122.35,-121.13,-123.61,-119.94,-120.60,-121.41,-124.10,-123.82,-123.68,-122.49,-120.92,-122.00,-122.60,-122.77,-124.00,-127.08,-126.24,-124.94,-126.62,-125.50,-123.82,-125.75,-123.82,-125.33,-124.91,-126.83,-124.63,-125.57,-127.25,-125.36,-127.08,-129.11,-127.95,-125.19,-128.34,-128.76,-131.66,-129.28,-127.11,-127.67,-129.25,-127.22,-131.28,-131.03,-131.00,-130.02,-132.64,-132.01,-129.28,-131.00,-132.85,-128.44,-133.66,-136.25,-135.76,-127.60,-134.81,-132.99,-133.69,-133.45,-133.13,-132.12,-128.79,-138.66,-135.90,-133.52,-132.71,-135.06,-134.36,-137.33,-136.07,-134.85,-136.21,-137.33,-138.63,-135.48,-131.07,-138.80,-132.75,-135.86,-135.83,-136.39,-136.60,-135.48,-135.16,-139.01,-135.86,-138.94,-136.35,-140.13,-138.80,-137.89,-138.00,-139.71,-138.28,-138.94,-139.85,-139.47,-138.63,-139.05,-142.48,-140.41,-138.84,-141.78,-138.52,-136.46,-136.42,-138.56,-140.59,-140.38,-140.90,-137.65,-139.43,-141.71,-135.69,-138.59,-139.89,-138.98,-140.10,-137.40,-135.02,-136.39,-135.65,-138.31,-136.39,-135.44,-137.44,-137.09,-134.95,-135.09,-134.99,-132.82,-132.01
-103.94,-103.87,-106.08,-105.90,-108.67,-110.63,-111.57,-113.71,-113.81,-114.58,-113.95,-111.15,-111.15,-113.92,-119.34,-117.42,-118.33,-114.86,-117.94,-116.23,-119.13,-115.81,-121.13,-116.58,-115.77,-116.12,-117.56,-120.25,-122.32,-121.41,-119.73,-120.50,-123.23,-123.12,-123.96,-123.72,-123.19,-122.18,-122.32,-123.26,-123.44,-120.60,-123.93,-124.10,-125.22,-125.40,-124.07,-124.91,-123.05,-126.06,-127.01,-125.61,-125.33,-126.20,-126.45,-125.78,-126.55,-127.78,-129.25,-128.13,-129.35,-128.58,-125.78,-130.26,-126.34,-128.13,-129.60,-132.64,-128.90,-130.79,-127.81,-127.57,-127.85,-133.87,-130.16,-130.86,-130.09,-129.35,-130.33,-131.31,-130.75,-130.26,-135.86,-134.18,-132.96,-128.37,-128.86,-131.21,-134.71,-131.59,-131.10,-131.87,-130.79,-130.26,-133.10,-133.59,-136.53,-136.00,-133.97,-133.94,-134.57,-138.80,-133.87,-133.03,-137.65,-133.59,-136.35,-137.75,-136.00,-135.93,-136.18,-135.41,-137.23,-133.69,-133.41,-133.20,-137.51,-136.88,-137.23,-135.93,-137.86,-141.74,-139.40,-136.98,-141.29,-136.70,-137.05,-140.62,-141.88,-136.56,-138.56,-138.03,-136.77,-133.80,-135.20,-135.58,-139.15,-138.59,-136.14,-135.93,-133.73,-136.28,-137.58,-138.17,-137.05,-136.81,-135.90,-135.69,-138.31,-134.92,-134.39,-135.06,-137.12,-134.99,-134.74,-131.00,-133.34,-133.17,-130.96,-129.67
-103.66,-105.87,-103.17,-103.21,-109.54,-111.36,-110.84,-112.41,-112.10,-115.21,-113.08,-114.65,-114.58,-114.23,-118.12,-116.26,-116.19,-115.98,-117.59,-116.12,-118.92,-117.28,-120.22,-118.22,-116.54,-115.53,-117.63,-119.90,-120.15,-117.91,-119.41,-118.85,-122.25,-120.71,-121.23,-121.16,-121.69,-118.47,-118.43,-122.35,-125.22,-122.70,-120.60,-124.70,-121.27,-122.21,-121.16,-125.68,-124.00,-125.01,-127.53,-120.99,-125.99,-126.76,-122.32,-127.64,-123.89,-127.53,-128.48,-124.77,-125.82,-129.35,-126.80,-128.44,-128.79,-126.97,-125.78,-133.80,-128.16,-129.07,-129.56,-129.21,-127.43,-133.06,-130.61,-131.14,-128.41,-131.56,-127.95,-133.34,-131.66,-130.51,-127.85,-131.59,-130.19,-130.47,-130.65,-131.66,-133.59,-130.96,-130.02,-130.54,-129.46,-130.19,-130.72,-133.17,-132.54,-135.58,-135.62,-132.75,-137.47,-133.83,-133.27,-132.47,-133.10,-128.97,-132.05,-130.09,-133.06,-136.53,-134.22,-135.13,-134.39,-134.95,-133.76,-138.59,-135.51,-137.26,-139.71,-138.80,-139.47,-134.99,-137.37,-135.79,-136.25,-140.45,-134.74,-142.65,-136.88,-139.92,-139.05,-136.77,-136.32,-132.54,-138.84,-136.53,-137.09,-136.07,-136.07,-138.00,-137.09,-137.72,-138.94,-136.74,-138.94,-138.28,-138.52,-137.65,-135.41,-135.90,-135.30,-134.22,-132.01,-134.11,-133.90,-135.37,-134.01,-132.64,-131.98,-130.23
-103.00,-105.20,-105.76,-106.01,-110.73,-110.56,-112.55,-111.05,-110.98,-113.60,-112.52,-114.58,-113.95,-116.96,-117.10,-118.75,-117.35,-116.72,-113.99,-115.84,-116.79,-116.02,-118.05,-117.28,-116.19,-115.25,-115.84,-121.23,-119.83,-124.03,-118.26,-116.40,-114.79,-120.25,-116.89,-117.73,-117.00,-122.77,-118.61,-119.94,-124.07,-122.95,-122.70,-124.42,-122.18,-123.12,-119.10,-125.12,-125.57,-124.00,-124.63,-123.75,-124.94,-125.71,-124.70,-127.64,-122.98,-126.62,-128.76,-126.38,-126.10,-129.53,-123.23,-126.06,-129.07,-128.76,-124.73,-127.15,-123.68,-127.25,-126.87,-129.25,-129.11,-131.45,-128.97,-130.16,-128.44,-133.10,-129.77,-129.60,-130.72,-129.32,-126.55,-130.82,-129.81,-130.30,-131.42,-130.23,-127.99,-132.40,-133.55,-129.56,-128.97,-131.66,-134.29,-133.34,-132.43,-135.30,-132.33,-129.56,-134.36,-134.01,-135.44,-131.77,-133.41,-131.66,-133.94,-132.54,-135.20,-135.02,-133.80,-137.65,-135.02,-135.48,-134.22,-134.71,-137.89,-136.25,-134.04,-137.40,-137.79,-138.45,-135.09,-136.18,-135.37,-138.77,-138.94,-139.43,-134.74,-136.95,-135.30,-137.51,-134.57,-136.70,-135.02,-134.32,-139.96,-140.06,-137.51,-138.98,-139.96,-137.82,-137.44,-137.54,-136.60,-137.09,-138.21,-135.65,-137.37,-135.30,-132.92,-135.58,-133.17,-132.12,-134.57,-134.71,-132.71,-130.82,-133.52,-129.35
-103.42,-104.36,-105.80,-107.44,-109.33,-108.39,-110.59,-110.00,-115.11,-111.36,-113.11,-110.80,-114.06,-114.51,-115.32,-116.37,-115.46,-114.44,-115.60,-114.69,-114.65,-113.29,-119.06,-116.12,-117.17,-116.75,-115.77,-122.04,-120.15,-119.31,-117.91,-117.21,-120.29,-119.41,-117.14,-120.32,-119.13,-118.12,-120.15,-121.65,-121.79,-122.81,-121.79,-121.62,-122.39,-121.83,-119.62,-122.35,-120.57,-122.46,-121.72,-121.41,-125.71,-122.53,-123.47,-122.67,-121.51,-126.34,-124.70,-124.91,-125.75,-126.06,-123.72,-124.28,-125.89,-124.00,-125.15,-129.46,-125.61,-124.00,-129.49,-126.59,-128.44,-130.09,-130.23,-130.72,-126.31,-130.37,-126.13,-128.09,-128.51,-131.77,-129.84,-132.22,-130.12,-131.17,-130.05,-129.70,-132.26,-126.13,-132.85,-133.94,-128.72,-128.55,-128.20,-131.80,-130.05,-131.28,-131.38,-130.65,-136.32,-133.87,-130.54,-132.43,-131.17,-128.97,-133.48,-133.76,-134.81,-134.85,-130.75,-133.62,-134.78,-135.90,-133.59,-132.92,-137.19,-137.16,-135.58,-138.35,-135.02,-135.41,-134.01,-136.18,-136.81,-135.51,-132.64,-137.89,-136.39,-136.67,-138.00,-134.39,-133.24,-135.86,-137.51,-135.02,-135.90,-140.41,-138.24,-139.40,-138.31,-136.18,-135.86,-137.96,-134.78,-135.30,-136.04,-133.69,-135.41,-135.09,-132.33,-130.23,-135.65,-134.78,-136.07,-132.61,-131.84,-132.40,-129.98,-128.83
-104.29,-108.56,-105.76,-105.69,-107.97,-107.83,-111.26,-110.98,-111.33,-113.08,-111.40,-110.45,-113.25,-113.95,-114.90,-111.61,-115.28,-112.55,-119.24,-115.63,-113.99,-118.22,-119.45,-116.05,-117.94,-112.27,-116.54,-118.85,-117.38,-120.36,-117.56,-117.28,-118.71,-120.95,-118.82,-118.85,-117.84,-119.87,-122.77,-120.18,-122.70,-121.76,-124.77,-123.72,-122.00,-124.98,-121.76,-122.49,-122.88,-124.35,-120.32,-119.24,-122.88,-122.53,-123.65,-124.77,-121.06,-125.01,-126.87,-125.26,-125.19,-125.89,-124.10,-124.80,-125.75,-125.54,-122.84,-128.02,-125.68,-124.84,-126.34,-124.14,-125.15,-130.65,-129.21,-128.48,-122.18,-128.09,-126.62,-127.50,-128.76,-128.93,-127.39,-129.77,-130.33,-126.97,-130.58,-127.88,-131.52,-128.62,-132.92,-132.75,-127.32,-129.77,-132.50,-129.88,-129.28,-129.07,-131.56,-129.95,-134.22,-134.25,-132.33,-130.51,-130.30,-130.86,-133.62,-132.68,-134.32,-132.50,-130.54,-133.80,-133.27,-131.80,-131.52,-132.96,-138.84,-134.60,-134.92,-134.81,-133.76,-136.14,-136.88,-137.16,-136.42,-135.09,-136.28,-135.97,-136.67,-137.05,-139.85,-133.38,-138.56,-131.21,-134.81,-131.42,-137.02,-134.25,-135.83,-136.04,-135.72,-138.21,-132.82,-136.60,-134.99,-132.71,-135.13,-131.91,-134.43,-131.14,-133.94,-131.56,-132.19,-136.14,-135.65,-131.21,-133.38,-131.07,-133.13,-131.80
-103.94,-104.12,-104.01,-107.79,-104.40,-108.07,-109.93,-104.82,-110.10,-108.98,-109.68,-111.89,-111.71,-114.09,-114.97,-111.22,-114.93,-116.26,-115.53,-113.29,-116.58,-116.82,-118.01,-114.65,-116.51,-115.18,-115.18,-117.45,-119.24,-120.60,-115.25,-115.46,-119.87,-119.06,-118.01,-119.83,-119.13,-113.99,-117.17,-118.12,-120.74,-117.49,-118.43,-124.49,-122.25,-124.70,-119.10,-122.07,-122.53,-123.89,-119.38,-118.92,-121.20,-120.04,-120.95,-120.43,-124.45,-122.91,-125.22,-127.29,-122.00,-123.61,-122.95,-123.93,-123.72,-124.87,-126.10,-127.32,-125.15,-124.84,-125.47,-125.78,-126.13,-127.67,-127.46,-125.68,-127.39,-126.97,-126.13,-127.81,-127.85,-130.16,-128.20,-129.39,-125.92,-127.32,-129.39,-126.55,-131.10,-124.21,-130.96,-129.77,-127.57,-129.21,-131.70,-129.98,-130.44,-129.77,-132.61,-131.98,-130.12,-131.52,-130.37,-128.13,-127.32,-129.60,-130.26,-134.46,-131.80,-134.60,-131.77,-133.38,-133.83,-133.27,-133.66,-130.58,-136.00,-134.18,-135.72,-131.59,-128.30,-135.65,-134.32,-136.46,-138.56,-133.83,-135.51,-136.14,-133.76,-136.35,-135.06,-132.47,-135.69,-130.89,-136.00,-135.97,-136.49,-138.59,-135.06,-136.53,-136.11,-136.42,-131.87,-134.53,-131.42,-130.82,-131.38,-130.54,-134.18,-130.72,-132.43,-133.48,-131.66,-133.17,-128.76,-128.93,-133.48,-128.65,-130.02,-127.85
-102.65,-103.28,-105.10,-108.70,-109.30,-109.09,-107.34,-107.48,-109.19,-111.12,-111.96,-108.63,-110.84,-110.63,-115.56,-114.27,-115.63,-111.47,-111.26,-112.10,-114.93,-112.27,-116.79,-117.73,-117.03,-113.08,-115.95,-117.24,-118.78,-118.68,-115.25,-116.05,-118.50,-120.99,-116.37,-120.32,-117.66,-115.39,-118.54,-117.28,-121.51,-119.90,-120.36,-123.16,-122.81,-123.51,-122.77,-122.46,-123.02,-121.58,-123.54,-120.92,-123.68,-118.85,-121.86,-121.13,-122.60,-125.22,-122.84,-124.14,-122.11,-125.33,-125.33,-123.16,-125.99,-122.11,-119.97,-125.36,-124.73,-124.07,-121.44,-122.84,-125.71,-127.32,-128.44,-127.01,-127.85,-130.44,-124.07,-125.61,-129.32,-128.37,-130.44,-128.30,-125.29,-125.71,-127.18,-125.57,-128.65,-126.76,-128.20,-128.30,-125.78,-129.18,-126.48,-129.63,-127.39,-131.45,-129.04,-128.65,-130.61,-130.30,-129.18,-126.31,-130.09,-126.90,-127.74,-129.49,-130.86,-129.84,-130.16,-128.48,-132.78,-129.70,-134.22,-131.17,-134.67,-136.28,-134.71,-133.76,-130.86,-133.83,-132.50,-135.79,-136.88,-133.10,-136.67,-134.32,-135.62,-135.72,-135.79,-137.82,-134.67,-131.87,-135.30,-134.85,-135.37,-137.93,-133.90,-137.44,-134.64,-129.11,-135.62,-129.39,-133.59,-130.16,-134.57,-131.03,-131.77,-133.87,-131.91,-129.21,-131.24,-133.27,-129.04,-128.79,-130.26,-128.72,-127.36,-127.25
-100.62,-101.95,-104.08,-105.17,-104.78,-108.46,-108.46,-108.63,-106.08,-108.81,-108.95,-107.65,-111.12,-111.71,-111.85,-114.97,-114.02,-112.31,-111.82,-113.74,-112.90,-115.84,-115.11,-115.11,-115.18,-113.71,-114.44,-115.77,-117.84,-114.23,-113.25,-113.29,-117.94,-118.33,-115.35,-117.03,-119.06,-117.00,-115.67,-120.78,-118.05,-122.63,-120.50,-120.60,-118.92,-122.63,-119.13,-123.89,-120.64,-120.64,-122.35,-116.75,-122.21,-121.44,-118.08,-116.89,-120.32,-121.65,-126.41,-122.91,-122.07,-123.44,-121.58,-123.12,-124.07,-123.86,-122.63,-125.40,-121.48,-123.30,-122.28,-122.77,-124.14,-126.76,-126.83,-125.29,-124.42,-124.98,-124.56,-122.81,-126.94,-127.08,-130.30,-126.52,-124.28,-124.17,-126.90,-124.94,-126.62,-126.45,-129.95,-128.13,-126.87,-124.70,-128.30,-129.21,-129.28,-131.03,-128.30,-126.31,-131.56,-131.77,-132.64,-128.06,-133.55,-128.90,-129.00,-132.78,-130.79,-131.31,-128.23,-132.15,-136.21,-130.40,-132.12,-128.93,-135.55,-129.67,-132.71,-130.82,-129.35,-132.71,-132.50,-135.27,-136.91,-135.37,-132.33,-136.11,-134.71,-133.94,-135.55,-132.08,-133.66,-130.82,-128.58,-135.41,-135.16,-133.90,-131.00,-135.65,-133.13,-128.62,-132.43,-130.30,-132.15,-131.49,-132.33,-133.31,-133.87,-131.31,-133.48,-131.31,-132.68,-134.04,-130.54,-126.24,-128.86,-124.77,-124.28,-122.21
-100.72,-102.23,-104.78,-105.24,-104.50,-107.30,-107.06,-104.40,-104.43,-110.45,-110.42,-109.02,-111.08,-110.94,-112.97,-113.78,-115.25,-110.28,-113.39,-110.87,-114.93,-115.32,-112.97,-112.87,-110.80,-110.56,-111.71,-112.90,-114.97,-112.48,-110.73,-114.79,-114.23,-118.71,-113.50,-115.07,-116.68,-112.10,-115.35,-118.50,-115.91,-118.78,-119.34,-120.71,-120.78,-120.08,-117.42,-120.71,-120.88,-121.13,-121.48,-118.01,-120.46,-119.73,-119.52,-119.17,-121.48,-119.06,-120.36,-121.65,-120.22,-123.79,-122.77,-121.16,-125.01,-122.88,-123.44,-124.00,-120.78,-120.92,-122.98,-120.57,-123.65,-125.19,-128.44,-127.39,-126.41,-123.58,-125.12,-122.77,-126.45,-126.59,-125.40,-129.28,-126.20,-124.31,-127.99,-125.92,-126.34,-124.00,-128.86,-124.17,-124.80,-126.31,-130.12,-129.35,-125.99,-131.10,-124.17,-125.19,-131.14,-125.01,-125.19,-126.55,-127.81,-126.76,-127.46,-131.00,-131.77,-132.12,-129.53,-130.16,-128.93,-129.81,-130.19,-124.56,-130.19,-130.68,-126.87,-127.53,-128.06,-131.10,-133.10,-134.81,-133.80,-133.55,-131.77,-134.64,-135.86,-134.22,-134.60,-132.29,-132.71,-132.05,-134.95,-129.84,-130.96,-131.14,-131.66,-129.95,-131.56,-132.29,-132.64,-132.89,-131.42,-133.87,-129.60,-125.82,-131.87,-131.66,-133.03,-128.76,-131.73,-132.92,-128.27,-125.15,-124.63,-125.22,-122.21,-125.96
-97.54,-102.09,-102.89,-102.65,-102.75,-105.80,-107.27,-105.83,-110.07,-107.72,-107.51,-107.20,-107.86,-109.02,-110.52,-111.19,-113.39,-111.64,-109.05,-108.25,-114.09,-113.64,-112.76,-113.67,-112.73,-108.81,-109.37,-110.17,-113.78,-112.20,-110.24,-113.88,-113.39,-114.58,-113.99,-115.67,-115.21,-115.28,-116.05,-116.16,-114.62,-116.19,-116.40,-118.99,-121.55,-117.00,-117.03,-120.22,-116.68,-118.05,-117.56,-116.82,-120.04,-119.34,-121.72,-118.75,-119.76,-118.08,-119.73,-120.50,-117.10,-121.27,-119.69,-122.11,-119.38,-120.74,-121.58,-124.03,-124.49,-121.51,-120.74,-119.34,-121.20,-125.99,-123.72,-123.44,-124.00,-122.39,-121.65,-123.89,-125.68,-122.88,-125.89,-126.06,-124.94,-126.48,-127.11,-126.34,-127.60,-125.33,-128.62,-126.73,-122.74,-121.20,-127.64,-128.23,-128.34,-129.11,-123.58,-123.68,-130.09,-129.67,-127.60,-126.20,-128.34,-122.63,-129.88,-126.10,-131.17,-131.35,-124.87,-128.69,-129.00,-129.67,-128.97,-126.87,-130.26,-130.12,-128.76,-129.11,-130.51,-129.39,-134.60,-130.93,-133.38,-135.09,-132.19,-131.98,-131.45,-130.33,-132.96,-131.56,-127.39,-127.81,-130.12,-129.74,-129.63,-134.18,-131.91,-131.28,-132.22,-129.95,-130.68,-133.48,-128.27,-130.82,-127.95,-126.76,-128.41,-130.54,-130.79,-128.58,-132.22,-133.87,-127.22,-124.84,-126.24,-126.90,-122.91,-123.23
-93.97,-100.44,-103.70,-104.68,-104.64,-103.21,-105.48,-104.47,-105.62,-107.44,-105.31,-105.41,-106.04,-109.44,-108.07,-109.16,-110.84,-107.97,-110.63,-109.96,-108.81,-107.48,-112.59,-109.58,-107.16,-107.86,-110.52,-111.68,-111.19,-111.50,-107.93,-111.61,-113.81,-114.23,-113.22,-112.38,-116.54,-113.11,-112.97,-112.48,-113.46,-113.81,-117.38,-119.13,-115.63,-114.76,-112.06,-116.40,-115.95,-114.16,-118.08,-115.32,-119.69,-114.72,-116.58,-118.26,-119.52,-117.45,-118.54,-116.93,-118.26,-120.88,-118.40,-118.68,-118.89,-120.15,-120.74,-120.36,-122.91,-118.12,-124.63,-123.47,-125.64,-124.66,-125.29,-124.35,-121.72,-123.26,-122.39,-124.94,-123.61,-125.64,-123.30,-126.76,-123.26,-125.57,-127.60,-125.64,-124.87,-121.09,-125.15,-123.16,-122.53,-125.47,-124.80,-127.88,-123.61,-125.71,-121.76,-126.13,-124.14,-122.60,-128.62,-123.86,-128.93,-124.38,-129.11,-125.43,-127.95,-126.97,-127.74,-126.45,-129.28,-127.78,-125.99,-124.87,-126.90,-130.75,-128.62,-125.89,-126.41,-125.01,-129.11,-129.67,-129.63,-131.00,-128.41,-132.05,-129.49,-128.79,-127.99,-129.67,-128.51,-127.11,-129.28,-126.24,-129.77,-132.61,-127.32,-129.74,-128.62,-131.73,-125.15,-132.61,-125.71,-128.44,-129.70,-127.60,-130.19,-130.33,-128.90,-129.56,-129.18,-130.51,-126.62,-121.79,-123.02,-122.56,-124.45,-123.30
-97.05,-98.55,-100.02,-103.03,-101.84,-98.87,-102.61,-100.69,-103.00,-101.81,-102.68,-104.68,-105.17,-104.15,-103.59,-105.13,-107.93,-106.74,-109.33,-104.78,-107.16,-106.32,-107.51,-108.88,-105.83,-106.22,-107.06,-106.60,-112.97,-110.94,-107.51,-106.04,-110.42,-110.10,-109.86,-110.35,-112.80,-110.59,-109.40,-110.98,-111.82,-111.96,-113.50,-115.53,-113.39,-111.57,-109.51,-115.67,-112.62,-115.74,-113.15,-114.34,-114.62,-116.09,-115.88,-115.07,-116.44,-117.94,-116.89,-114.48,-114.76,-115.88,-116.51,-116.33,-120.71,-120.64,-119.80,-117.66,-118.61,-118.71,-119.87,-120.92,-119.73,-122.35,-119.34,-119.48,-121.69,-117.80,-119.59,-122.07,-122.14,-120.22,-120.95,-123.89,-120.01,-120.71,-121.48,-123.05,-122.60,-119.69,-124.28,-120.57,-119.34,-121.72,-124.28,-123.75,-124.14,-122.28,-117.91,-122.60,-126.69,-121.48,-128.41,-122.77,-126.55,-123.16,-124.70,-126.38,-127.99,-126.03,-123.51,-124.73,-126.76,-126.80,-127.36,-124.10,-131.80,-127.99,-128.72,-125.50,-126.13,-127.11,-127.64,-127.18,-129.25,-127.18,-126.48,-127.67,-129.70,-129.84,-131.10,-128.86,-127.92,-126.34,-128.62,-129.32,-128.02,-132.15,-130.02,-129.70,-126.31,-127.53,-124.91,-126.80,-126.83,-122.04,-128.06,-127.57,-127.43,-126.34,-128.23,-123.86,-127.04,-125.92,-123.82,-123.82,-124.59,-125.36,-121.37,-123.19
-96.14,-96.42,-95.72,-98.87,-98.10,-100.09,-100.83,-100.27,-99.81,-102.23,-101.77,-103.07,-101.91,-103.73,-106.81,-104.26,-104.29,-102.79,-103.59,-103.66,-104.43,-105.69,-104.47,-105.34,-102.16,-104.08,-106.88,-104.36,-108.18,-107.93,-105.66,-105.38,-109.02,-107.65,-107.37,-107.86,-109.26,-106.22,-108.35,-113.50,-113.11,-109.93,-110.87,-115.04,-111.82,-114.13,-111.29,-112.62,-116.75,-114.41,-111.75,-112.31,-114.79,-113.01,-113.60,-116.68,-115.32,-112.59,-117.49,-113.71,-113.99,-117.59,-115.14,-115.35,-115.07,-115.77,-117.00,-119.83,-120.18,-118.47,-119.41,-116.96,-117.07,-121.83,-118.33,-118.15,-119.94,-117.35,-118.75,-119.59,-119.41,-119.94,-119.03,-123.72,-119.97,-119.83,-122.14,-120.50,-122.00,-119.59,-120.46,-119.66,-117.17,-119.97,-121.69,-120.81,-122.67,-122.00,-121.83,-122.77,-122.60,-123.30,-124.03,-118.96,-126.31,-119.24,-125.82,-124.03,-125.61,-125.26,-125.01,-125.78,-124.80,-122.07,-123.82,-124.38,-125.64,-123.30,-125.08,-122.14,-124.24,-125.78,-127.81,-128.97,-131.07,-124.45,-123.79,-128.93,-126.27,-126.10,-129.32,-124.94,-124.66,-129.60,-124.35,-125.85,-125.19,-126.34,-126.13,-126.41,-127.78,-125.05,-125.99,-125.01,-125.12,-125.40,-127.50,-123.93,-124.73,-124.21,-123.58,-124.94,-125.99,-126.31,-125.99,-125.19,-123.09,-123.72,-120.01,-123.23
-93.41,-96.59,-95.33,-96.00,-94.21,-93.55,-94.74,-99.81,-100.20,-99.18,-97.57,-100.20,-100.16,-98.97,-101.60,-101.39,-101.84,-102.72,-104.78,-101.63,-101.95,-103.52,-104.57,-105.24,-102.47,-99.99,-99.50,-104.61,-106.32,-103.73,-103.80,-106.60,-106.64,-108.11,-108.14,-106.74,-107.86,-106.53,-105.83,-107.02,-108.63,-111.22,-106.99,-109.96,-106.43,-111.82,-110.87,-110.56,-108.88,-110.98,-113.22,-109.16,-114.37,-111.82,-112.10,-111.47,-116.26,-113.92,-118.29,-115.32,-115.14,-114.65,-114.16,-114.41,-116.33,-115.42,-117.45,-115.81,-117.70,-117.17,-116.82,-119.27,-116.19,-118.75,-119.13,-121.41,-116.05,-116.44,-117.21,-118.01,-118.33,-116.75,-118.85,-118.99,-117.31,-116.05,-117.21,-119.10,-119.41,-116.75,-121.48,-119.27,-119.83,-119.27,-119.76,-120.57,-120.18,-120.99,-119.76,-119.97,-121.09,-120.32,-123.23,-119.34,-118.64,-119.38,-122.91,-122.98,-121.37,-124.10,-121.27,-123.33,-120.74,-123.30,-122.28,-121.41,-127.74,-124.91,-125.08,-126.38,-123.26,-127.50,-123.19,-123.44,-123.65,-126.31,-121.02,-125.47,-122.77,-127.46,-126.31,-123.44,-125.68,-124.38,-124.38,-124.38,-124.21,-127.25,-124.14,-125.92,-122.42,-127.29,-125.78,-124.31,-124.66,-121.51,-122.56,-121.93,-123.68,-121.83,-122.81,-120.81,-124.35,-123.89,-123.12,-122.95,-119.83,-123.61,-122.70,-120.01
-91.55,-92.46,-95.02,-94.60,-94.07,-94.07,-97.61,-95.33,-98.45,-96.31,-97.54,-97.64,-94.35,-97.61,-100.09,-101.67,-100.20,-101.77,-101.39,-99.95,-101.67,-99.67,-100.41,-101.67,-101.28,-100.20,-102.12,-100.90,-105.48,-102.96,-102.16,-105.94,-106.18,-107.83,-105.83,-104.89,-108.98,-104.99,-104.26,-104.05,-107.23,-107.34,-108.46,-109.51,-109.33,-110.80,-108.25,-111.36,-111.47,-110.94,-109.05,-110.59,-110.35,-110.35,-112.52,-111.43,-110.42,-113.43,-111.78,-114.34,-111.47,-114.41,-115.07,-112.59,-115.42,-114.55,-116.72,-116.86,-116.65,-116.12,-116.44,-116.51,-117.52,-120.39,-118.78,-116.93,-114.06,-112.69,-113.11,-116.47,-119.66,-120.01,-115.67,-115.14,-116.40,-116.79,-117.84,-119.27,-117.94,-115.63,-119.69,-120.78,-114.69,-118.89,-117.21,-123.93,-119.13,-117.45,-118.05,-122.28,-119.66,-119.52,-120.53,-116.33,-118.99,-118.40,-121.79,-121.62,-125.19,-124.52,-122.91,-125.85,-122.84,-123.02,-122.81,-121.06,-124.84,-126.03,-122.53,-124.70,-120.74,-124.80,-123.05,-123.30,-125.64,-128.30,-126.62,-120.74,-123.72,-125.85,-127.18,-125.33,-122.77,-121.62,-124.03,-124.03,-124.14,-126.41,-124.14,-128.79,-123.12,-120.15,-121.48,-127.36,-125.85,-124.77,-123.37,-121.09,-123.02,-124.84,-123.23,-118.47,-121.48,-121.69,-121.02,-120.60,-117.63,-120.22,-120.95,-119.17
-93.97,-93.44,-93.79,-92.22,-93.34,-92.25,-95.93,-94.74,-99.60,-96.98,-96.00,-99.18,-99.67,-101.25,-101.28,-98.76,-99.29,-98.45,-98.90,-99.71,-100.16,-99.29,-100.34,-102.40,-99.15,-98.80,-96.21,-103.17,-105.27,-101.98,-97.99,-100.79,-107.37,-107.27,-105.59,-104.82,-110.00,-104.47,-106.15,-107.30,-105.87,-107.34,-107.30,-110.59,-108.63,-105.31,-109.02,-109.44,-109.54,-109.02,-108.28,-109.54,-113.18,-110.28,-112.17,-110.73,-111.75,-114.86,-113.99,-113.22,-112.27,-116.12,-112.45,-116.30,-116.54,-111.50,-114.27,-120.15,-114.06,-113.85,-113.32,-116.65,-116.05,-120.99,-117.35,-119.31,-112.62,-115.53,-116.93,-116.79,-116.37,-118.54,-118.33,-118.33,-116.54,-116.82,-116.75,-118.36,-118.61,-116.05,-117.56,-117.35,-118.96,-119.03,-120.25,-122.28,-115.46,-119.94,-118.36,-118.05,-123.47,-120.95,-119.90,-117.87,-122.91,-121.69,-121.20,-125.19,-123.72,-123.19,-120.25,-124.28,-123.93,-123.47,-126.03,-121.02,-126.48,-124.56,-119.17,-122.81,-122.84,-122.98,-122.04,-124.63,-125.19,-125.22,-124.98,-123.37,-125.19,-125.71,-127.01,-125.75,-123.05,-124.21,-124.56,-121.69,-126.52,-124.98,-124.66,-124.77,-122.77,-121.48,-123.30,-125.54,-124.24,-125.05,-124.87,-120.78,-123.89,-121.97,-125.05,-123.44,-122.25,-123.02,-122.98,-120.22,-119.38,-122.35,-123.33,-119.13
